path,source,title_hint
/mnt/c/Users/Administrator/codex/projects/tfa_est_rebuild/downloaded_papers/EURL_2017_Residue_Report.pdf,downloaded_zip,EURL_2017_Residue_Report
/mnt/c/Users/Administrator/codex/projects/tfa_est_rebuild/downloaded_papers/Freeling_2022_Archived_Plants_Alt.pdf,downloaded_zip,Freeling_2022_Archived_Plants_Alt
/mnt/c/Users/Administrator/codex/projects/tfa_est_rebuild/downloaded_papers/Jordan_1999_Environment.pdf,downloaded_zip,Jordan_1999_Environment
/mnt/c/Users/Administrator/codex/projects/tfa_est_rebuild/downloaded_papers/Li_2010_Shanghai.pdf,downloaded_zip,Li_2010_Shanghai
/mnt/c/Users/Administrator/codex/projects/tfa_est_rebuild/downloaded_papers/Nielsen_2001_Ancient_Freshwater.pdf,downloaded_zip,Nielsen_2001_Ancient_Freshwater
/mnt/c/Users/Administrator/codex/projects/tfa_est_rebuild/downloaded_papers/Zhai_2015_Beijing.pdf,downloaded_zip,Zhai_2015_Beijing
/mnt/c/Users/Administrator/Zotero/storage/22BIKIFX/Surma 等 - 2015 - Determination of Selected Perfluorinated Acids (PFCAs) and Perfluorinated Sulfonates (PFASs) in Food.pdf,zotero,Surma 等 - 2015 - Determination of Selected Perfluorinated Acids (PFCAs) and Perfluorinated Sulfonates (PFASs) in Food
/mnt/c/Users/Administrator/Zotero/storage/22Y46QEB/Pan 等 - 2011 - Evaluation of perfluorinated compounds in seven wastewater treatment plants in Beijing urban areas.pdf,zotero,Pan 等 - 2011 - Evaluation of perfluorinated compounds in seven wastewater treatment plants in Beijing urban areas
/mnt/c/Users/Administrator/Zotero/storage/28SEJTF7/Winkel 等 - 2011 - Arsenic pollution of groundwater in Vietnam exacerbated by deep aquifer exploitation for more than a.pdf,zotero,Winkel 等 - 2011 - Arsenic pollution of groundwater in Vietnam exacerbated by deep aquifer exploitation for more than a
"/mnt/c/Users/Administrator/Zotero/storage/2B4R8LC4/Pan 等 - 2019 - Occurrence, Removal and Bioaccumulation of Perfluoroalkyl Substances in Lake Chaohu, China.pdf",zotero,"Pan 等 - 2019 - Occurrence, Removal and Bioaccumulation of Perfluoroalkyl Substances in Lake Chaohu, China"
/mnt/c/Users/Administrator/Zotero/storage/2TR84SRQ/Qiao 等 - 2011 - Occurrence and fate of pharmaceuticals and personal care products in drinking water in southern Chin.pdf,zotero,Qiao 等 - 2011 - Occurrence and fate of pharmaceuticals and personal care products in drinking water in southern Chin
/mnt/c/Users/Administrator/Zotero/storage/2UCBUU6Y/Loi 等 - 2013 - Detections of Commercial Fluorosurfactants in Hong Kong Marine Environment and Human Blood A Pilot.pdf,zotero,Loi 等 - 2013 - Detections of Commercial Fluorosurfactants in Hong Kong Marine Environment and Human Blood A Pilot
/mnt/c/Users/Administrator/Zotero/storage/2UJ5B56N/He 等 - 2018 - Occurrence and ecological risk assessment of 22 emerging contaminants in the Jilin Songhua River (No.pdf,zotero,He 等 - 2018 - Occurrence and ecological risk assessment of 22 emerging contaminants in the Jilin Songhua River (No
"/mnt/c/Users/Administrator/Zotero/storage/2WWY8DPI/Zhang 等 - 2012 - Occurrence, distribution, and seasonal variation of estrogenic compounds and antibiotic residues in.pdf",zotero,"Zhang 等 - 2012 - Occurrence, distribution, and seasonal variation of estrogenic compounds and antibiotic residues in"
/mnt/c/Users/Administrator/Zotero/storage/2Z3675PC/Nickson 等 - 2007 - Current knowledge on the distribution of arsenic in groundwater in five states of India.pdf,zotero,Nickson 等 - 2007 - Current knowledge on the distribution of arsenic in groundwater in five states of India
"/mnt/c/Users/Administrator/Zotero/storage/32QLF8W6/Bai 等 - 2014 - Occurrence, distribution and bioaccumulation of antibiotics in the Liao River Basin in China.pdf",zotero,"Bai 等 - 2014 - Occurrence, distribution and bioaccumulation of antibiotics in the Liao River Basin in China"
/mnt/c/Users/Administrator/Zotero/storage/37J2T8T3/Liu 等 - 2019 - Contamination Profiles of Perfluoroalkyl Substances (PFAS) in Groundwater in the Alluvial–Pluvial Pl.pdf,zotero,Liu 等 - 2019 - Contamination Profiles of Perfluoroalkyl Substances (PFAS) in Groundwater in the Alluvial–Pluvial Pl
/mnt/c/Users/Administrator/Zotero/storage/37TQX9MU/Kortatsi 等 - 2008 - Reconnaissance Survey of Arsenic Concentration in Ground-water in South-eastern Ghana.pdf,zotero,Kortatsi 等 - 2008 - Reconnaissance Survey of Arsenic Concentration in Ground-water in South-eastern Ghana
/mnt/c/Users/Administrator/Zotero/storage/3C8LE6ID/Gebbink 等 - 2017 - Presence of Emerging Per- and Polyfluoroalkyl Substances (PFASs) in River and Drinking Water near a.pdf,zotero,Gebbink 等 - 2017 - Presence of Emerging Per- and Polyfluoroalkyl Substances (PFASs) in River and Drinking Water near a
/mnt/c/Users/Administrator/Zotero/storage/3C8RW7JU/Komori 等 - 2013 - Occurrence of selected pharmaceuticals in river water in Japan and assessment of their environmental.pdf,zotero,Komori 等 - 2013 - Occurrence of selected pharmaceuticals in river water in Japan and assessment of their environmental
/mnt/c/Users/Administrator/Zotero/storage/3DZM7LZX/Fang 等 - 2020 - Levels of per- and polyfluoroalkyl substances (PFAS) in ski wax products on the market in 2019 indic.pdf,zotero,Fang 等 - 2020 - Levels of per- and polyfluoroalkyl substances (PFAS) in ski wax products on the market in 2019 indic
/mnt/c/Users/Administrator/Zotero/storage/3GYZI8TQ/Sammut 等 - 2017 - Perfluoroalkyl substances in the Maltese environment – (I) surface water and rain water.pdf,zotero,Sammut 等 - 2017 - Perfluoroalkyl substances in the Maltese environment – (I) surface water and rain water
/mnt/c/Users/Administrator/Zotero/storage/3P9X66UJ/Velpandian 等 - 2018 - Un-segregated waste disposal an alarming threat of antimicrobials in surface and ground water sourc.pdf,zotero,Velpandian 等 - 2018 - Un-segregated waste disposal an alarming threat of antimicrobials in surface and ground water sourc
/mnt/c/Users/Administrator/Zotero/storage/3UDRR5AT/Wang 等 - 2019 - Occurrence and removal of sulfonamides and their acetyl metabolites in a biological aerated filter (.pdf,zotero,Wang 等 - 2019 - Occurrence and removal of sulfonamides and their acetyl metabolites in a biological aerated filter (
/mnt/c/Users/Administrator/Zotero/storage/3VA8KIF5/Wang 等 - 2018 - Occurrence and distribution of antibiotics in surface water impacted by crab culturing a case study.pdf,zotero,Wang 等 - 2018 - Occurrence and distribution of antibiotics in surface water impacted by crab culturing a case study
/mnt/c/Users/Administrator/Zotero/storage/43BYDYPJ/Galloway 等 - 2020 - Evidence of Air Dispersion HFPO–DA and PFOA in Ohio and West Virginia Surface Water and Soil near a.pdf,zotero,Galloway 等 - 2020 - Evidence of Air Dispersion HFPO–DA and PFOA in Ohio and West Virginia Surface Water and Soil near a
"/mnt/c/Users/Administrator/Zotero/storage/4ARFN2IN/Peng 等 - 2011 - Distribution pattern, behavior, and fate of antibacterials in urban aquatic environments in South Ch.pdf",zotero,"Peng 等 - 2011 - Distribution pattern, behavior, and fate of antibacterials in urban aquatic environments in South Ch"
/mnt/c/Users/Administrator/Zotero/storage/4GH6BQKU/Orata 等 - 2009 - Determination of Perfluorooctanoic Acid and Perfluorooctane Sulfonate in Lake Victoria Gulf Water.pdf,zotero,Orata 等 - 2009 - Determination of Perfluorooctanoic Acid and Perfluorooctane Sulfonate in Lake Victoria Gulf Water
/mnt/c/Users/Administrator/Zotero/storage/4S2RFMM7/Phung 等 - 2021 - Determination of Per- and Polyfluoroalkyl Substances in Craft Villages and Industrial Environments o.pdf,zotero,Phung 等 - 2021 - Determination of Per- and Polyfluoroalkyl Substances in Craft Villages and Industrial Environments o
"/mnt/c/Users/Administrator/Zotero/storage/4UUCWHNH/Faculty of Social Science, Naresuan University, Phitsanulok, Thailand 等 - 2018 - SOCIOECONOMIC CONDITION AND LAND USE TRANSFORMATION OF FARMERS IN MAIZE FARMING THE CASE STUDY OF N.pdf",zotero,"Faculty of Social Science, Naresuan University, Phitsanulok, Thailand 等 - 2018 - SOCIOECONOMIC CONDITION AND LAND USE TRANSFORMATION OF FARMERS IN MAIZE FARMING THE CASE STUDY OF N"
/mnt/c/Users/Administrator/Zotero/storage/4YEI6MNJ/Scott 等 - 2006 - Poly and Perfluorinated Carboxylates in North American Precipitation.pdf,zotero,Scott 等 - 2006 - Poly and Perfluorinated Carboxylates in North American Precipitation
"/mnt/c/Users/Administrator/Zotero/storage/5FGTLT5P/Brueller 等 - 2018 - Occurrence of chemicals with known or suspected endocrine disrupting activity in drinking water, gro.pdf",zotero,"Brueller 等 - 2018 - Occurrence of chemicals with known or suspected endocrine disrupting activity in drinking water, gro"
"/mnt/c/Users/Administrator/Zotero/storage/5NF27A27/Chen 等 - 2018 - Occurrence, Distribution, and Risk Assessment of Antibiotics in a Subtropical River-Reservoir System.pdf",zotero,"Chen 等 - 2018 - Occurrence, Distribution, and Risk Assessment of Antibiotics in a Subtropical River-Reservoir System"
/mnt/c/Users/Administrator/Zotero/storage/5X3G7Z46/Ye 等 - 2014 - Spatial distribution and importance of potential perfluoroalkyl acid precursors in urban rivers and.pdf,zotero,Ye 等 - 2014 - Spatial distribution and importance of potential perfluoroalkyl acid precursors in urban rivers and
/mnt/c/Users/Administrator/Zotero/storage/5ZAYLM7T/Leung 等 - 2013 - Pharmaceuticals in Tap Water Human Health Risk Assessment and Proposed Monitoring Framework in Chin.pdf,zotero,Leung 等 - 2013 - Pharmaceuticals in Tap Water Human Health Risk Assessment and Proposed Monitoring Framework in Chin
/mnt/c/Users/Administrator/Zotero/storage/62RBHVHJ/Zhang 等 - 2017 - Occurrence and distribution of antibiotics in multiple environmental media of the East River (Dongji.pdf,zotero,Zhang 等 - 2017 - Occurrence and distribution of antibiotics in multiple environmental media of the East River (Dongji
/mnt/c/Users/Administrator/Zotero/storage/67P5X27D/Römpp 等 - 2001 - Haloacetates in Fog and Rain.pdf,zotero,Römpp 等 - 2001 - Haloacetates in Fog and Rain
/mnt/c/Users/Administrator/Zotero/storage/67PF3GXB/Chen 等 - 2012 - Occurrence and dissipation of veterinary antibiotics in two typical swine wastewater treatment syste.pdf,zotero,Chen 等 - 2012 - Occurrence and dissipation of veterinary antibiotics in two typical swine wastewater treatment syste
/mnt/c/Users/Administrator/Zotero/storage/6B6E5YAP/Winkel 等 - 2011 - Arsenic pollution of groundwater in Vietnam exacerbated by deep aquifer exploitation for more than a.pdf,zotero,Winkel 等 - 2011 - Arsenic pollution of groundwater in Vietnam exacerbated by deep aquifer exploitation for more than a
/mnt/c/Users/Administrator/Zotero/storage/6FVK6E7U/Theobald 等 - 2011 - Occurrence of perfluorinated organic acids in the North and Baltic seas. Part 1 distribution in sea.pdf,zotero,Theobald 等 - 2011 - Occurrence of perfluorinated organic acids in the North and Baltic seas. Part 1 distribution in sea
/mnt/c/Users/Administrator/Zotero/storage/6URVJYHR/Zhu 等 - 2017 - Perfluoroalkyl acids in the water cycle from a freshwater river basin to coastal waters in eastern C.pdf,zotero,Zhu 等 - 2017 - Perfluoroalkyl acids in the water cycle from a freshwater river basin to coastal waters in eastern C
"/mnt/c/Users/Administrator/Zotero/storage/736FEY7B/Zhang 等 - 2015 - Occurrence, seasonal variation and removal efficiency of antibiotics and their metabolites in wastew.pdf",zotero,"Zhang 等 - 2015 - Occurrence, seasonal variation and removal efficiency of antibiotics and their metabolites in wastew"
/mnt/c/Users/Administrator/Zotero/storage/7RFZWNMT/Xu 等 - 2015 - The occurrence and removal of selected fluoroquinolones in urban drinking water treatment plants.pdf,zotero,Xu 等 - 2015 - The occurrence and removal of selected fluoroquinolones in urban drinking water treatment plants
"/mnt/c/Users/Administrator/Zotero/storage/7SD2J2EU/Smedley和Edmunds - 2002 - Redox Patterns and Trace‐Element Behavior in the East Midlands Triassic Sandstone Aquifer, U.K..pdf",zotero,"Smedley和Edmunds - 2002 - Redox Patterns and Trace‐Element Behavior in the East Midlands Triassic Sandstone Aquifer, U.K."
/mnt/c/Users/Administrator/Zotero/storage/7UYYRGSH/Kärrman 等 - 2011 - Environmental levels and distribution of structural isomers of perfluoroalkyl acids after aqueous fi.pdf,zotero,Kärrman 等 - 2011 - Environmental levels and distribution of structural isomers of perfluoroalkyl acids after aqueous fi
/mnt/c/Users/Administrator/Zotero/storage/7VAF6D4C/Fagbayigbo 等 - 2018 - Validation and determination of nine PFCS in surface water and sediment samples using UPLC-QTOF-MS.pdf,zotero,Fagbayigbo 等 - 2018 - Validation and determination of nine PFCS in surface water and sediment samples using UPLC-QTOF-MS
/mnt/c/Users/Administrator/Zotero/storage/7WZN7R2T/Lu 等 - 2018 - Correction to Risk exposure assessment of per- and polyfluoroalkyl substances (PFASs) in drinking w.pdf,zotero,Lu 等 - 2018 - Correction to Risk exposure assessment of per- and polyfluoroalkyl substances (PFASs) in drinking w
/mnt/c/Users/Administrator/Zotero/storage/7XCJMU2K/Ali 等 - 2021 - Per- and polyfluoroalkyl substances (PFASs) in contaminated coastal marine waters of the Saudi Arabi.pdf,zotero,Ali 等 - 2021 - Per- and polyfluoroalkyl substances (PFASs) in contaminated coastal marine waters of the Saudi Arabi
/mnt/c/Users/Administrator/Zotero/storage/83XNHRKC/Wang 等 - 2022 - Per- and Polyfluoroalkyl Substances in Outdoor and Indoor Dust from Mainland China Contributions of.pdf,zotero,Wang 等 - 2022 - Per- and Polyfluoroalkyl Substances in Outdoor and Indoor Dust from Mainland China Contributions of
/mnt/c/Users/Administrator/Zotero/storage/8IXDHMAY/Lim 等 - 2013 - Occurrence and ecological hazard assessment of selected veterinary medicines in livestock wastewater.pdf,zotero,Lim 等 - 2013 - Occurrence and ecological hazard assessment of selected veterinary medicines in livestock wastewater
/mnt/c/Users/Administrator/Zotero/storage/8TJUPDT2/Chen 等 - 2012 - Occurrence and distribution of selected pharmaceuticals and personal care products in aquatic enviro.pdf,zotero,Chen 等 - 2012 - Occurrence and distribution of selected pharmaceuticals and personal care products in aquatic enviro
"/mnt/c/Users/Administrator/Zotero/storage/8V2HJCYL/Deng 等 - 2018 - Antibiotic distribution, risk assessment, and microbial diversity in river water and sediment in Hon.pdf",zotero,"Deng 等 - 2018 - Antibiotic distribution, risk assessment, and microbial diversity in river water and sediment in Hon"
/mnt/c/Users/Administrator/Zotero/storage/8W3C9V76/Jordan和Frank - 1999 - Trifluoroacetate in the Environment. Evidence for Sources Other Than HFCHCFCs.pdf,zotero,Jordan和Frank - 1999 - Trifluoroacetate in the Environment. Evidence for Sources Other Than HFCHCFCs
/mnt/c/Users/Administrator/Zotero/storage/8YF4N3DK/Evlampidou 等 - 2020 - Trihalomethanes in Drinking Water and Bladder Cancer Burden in the European Union.pdf,zotero,Evlampidou 等 - 2020 - Trihalomethanes in Drinking Water and Bladder Cancer Burden in the European Union
/mnt/c/Users/Administrator/Zotero/storage/95ULYY9M/Murakami 等 - 2009 - Groundwater Pollution by Perfluorinated Surfactants in Tokyo.pdf,zotero,Murakami 等 - 2009 - Groundwater Pollution by Perfluorinated Surfactants in Tokyo
/mnt/c/Users/Administrator/Zotero/storage/98TK67B5/Boulanger 等 - 2004 - Detection of Perfluorooctane Surfactants in Great Lakes Water.pdf,zotero,Boulanger 等 - 2004 - Detection of Perfluorooctane Surfactants in Great Lakes Water
"/mnt/c/Users/Administrator/Zotero/storage/99TV8PW5/Managaki 等 - 2007 - Distribution of Macrolides, Sulfonamides, and Trimethoprim in Tropical Waters Ubiquitous Occurrence.pdf",zotero,"Managaki 等 - 2007 - Distribution of Macrolides, Sulfonamides, and Trimethoprim in Tropical Waters Ubiquitous Occurrence"
/mnt/c/Users/Administrator/Zotero/storage/9GDCIQ2Z/Koch 等 - 2019 - Point source characterization of per- and polyfluoroalkyl substances (PFASs) and extractable organof.pdf,zotero,Koch 等 - 2019 - Point source characterization of per- and polyfluoroalkyl substances (PFASs) and extractable organof
"/mnt/c/Users/Administrator/Zotero/storage/9M7P2PVQ/Benskin 等 - 2012 - Per- and Polyfluoroalkyl Substances in Landfill Leachate Patterns, Time Trends, and Sources.pdf",zotero,"Benskin 等 - 2012 - Per- and Polyfluoroalkyl Substances in Landfill Leachate Patterns, Time Trends, and Sources"
/mnt/c/Users/Administrator/Zotero/storage/AH26HL6V/Chau 等 - 2018 - Occurrence of 1153 organic micropollutants in the aquatic environment of Vietnam.pdf,zotero,Chau 等 - 2018 - Occurrence of 1153 organic micropollutants in the aquatic environment of Vietnam
"/mnt/c/Users/Administrator/Zotero/storage/AIL5BNR5/Pan 等 - 2019 - Occurrence, Removal and Bioaccumulation of Perfluoroalkyl Substances in Lake Chaohu, China.pdf",zotero,"Pan 等 - 2019 - Occurrence, Removal and Bioaccumulation of Perfluoroalkyl Substances in Lake Chaohu, China"
/mnt/c/Users/Administrator/Zotero/storage/AVE5TNE8/Frank 等 - 2002 - Trifluoroacetate in Ocean Waters.pdf,zotero,Frank 等 - 2002 - Trifluoroacetate in Ocean Waters
"/mnt/c/Users/Administrator/Zotero/storage/BAKI9853/Jiang 等 - 2018 - Occurrence, Seasonal Variation and Risk Assessment of Antibiotics in Qingcaosha Reservoir.pdf",zotero,"Jiang 等 - 2018 - Occurrence, Seasonal Variation and Risk Assessment of Antibiotics in Qingcaosha Reservoir"
/mnt/c/Users/Administrator/Zotero/storage/BLRSMB7T/Read 等 - 2017 - Water quality data for national‐scale aquatic research The Water Quality Portal.pdf,zotero,Read 等 - 2017 - Water quality data for national‐scale aquatic research The Water Quality Portal
/mnt/c/Users/Administrator/Zotero/storage/BR7V6G5I/Schultes 等 - 2018 - Per- and polyfluoroalkyl substances and fluorine mass balance in cosmetic products from the Swedish.pdf,zotero,Schultes 等 - 2018 - Per- and polyfluoroalkyl substances and fluorine mass balance in cosmetic products from the Swedish
"/mnt/c/Users/Administrator/Zotero/storage/BWUPHXY7/Neuwald 等 - 2022 - Ultra-Short-Chain PFASs in the Sources of German Drinking Water Prevalent, Overlooked, Difficult to.pdf",zotero,"Neuwald 等 - 2022 - Ultra-Short-Chain PFASs in the Sources of German Drinking Water Prevalent, Overlooked, Difficult to"
/mnt/c/Users/Administrator/Zotero/storage/BY3VFAKH/Rodríguez-Lado 等 - 2013 - Groundwater Arsenic Contamination Throughout China.pdf,zotero,Rodríguez-Lado 等 - 2013 - Groundwater Arsenic Contamination Throughout China
"/mnt/c/Users/Administrator/Zotero/storage/C3MZ3XUZ/Ju 等 - 2008 - Perfluorinated Surfactants in Surface, Subsurface Water and Microlayer from Dalian Coastal Waters in.pdf",zotero,"Ju 等 - 2008 - Perfluorinated Surfactants in Surface, Subsurface Water and Microlayer from Dalian Coastal Waters in"
"/mnt/c/Users/Administrator/Zotero/storage/C6PWIJ8N/Zhang 等 - 2011 - Occurrence of selected antibiotics in Jiulongjiang River in various seasons, South China.pdf",zotero,"Zhang 等 - 2011 - Occurrence of selected antibiotics in Jiulongjiang River in various seasons, South China"
/mnt/c/Users/Administrator/Zotero/storage/C9MRY6ZA/Murakami 等 - 2008 - Occurrence and Sources of Perfluorinated Surfactants in Rivers in Japan.pdf,zotero,Murakami 等 - 2008 - Occurrence and Sources of Perfluorinated Surfactants in Rivers in Japan
/mnt/c/Users/Administrator/Zotero/storage/CA3LJQAB/Freeling 等 - 2020 - Trifluoroacetate in Precipitation Deriving a Benchmark Data Set.pdf,zotero,Freeling 等 - 2020 - Trifluoroacetate in Precipitation Deriving a Benchmark Data Set
/mnt/c/Users/Administrator/Zotero/storage/CETLJD9S/Cheng 等 - 2016 - Occurrence and Partitioning of Antibiotics in the Water Column and Bottom Sediments from the Interti.pdf,zotero,Cheng 等 - 2016 - Occurrence and Partitioning of Antibiotics in the Water Column and Bottom Sediments from the Interti
/mnt/c/Users/Administrator/Zotero/storage/CGBDY3YN/Von Sydow 等 - 2000 - Natural Background Levels of Trifluoroacetate in Rain and Snow.pdf,zotero,Von Sydow 等 - 2000 - Natural Background Levels of Trifluoroacetate in Rain and Snow
/mnt/c/Users/Administrator/Zotero/storage/CGZAA9TH/Si 等 - 2021 - Occurrence and Ecological Risk Assessment of Perfluoroalkyl Substances (PFASs) in Water and Sediment.pdf,zotero,Si 等 - 2021 - Occurrence and Ecological Risk Assessment of Perfluoroalkyl Substances (PFASs) in Water and Sediment
"/mnt/c/Users/Administrator/Zotero/storage/CK5HREJD/Chen 等 - 2017 - Detection, Occurrence, and Fate of Fluorotelomer Alcohols in Municipal Wastewater Treatment Plants.pdf",zotero,"Chen 等 - 2017 - Detection, Occurrence, and Fate of Fluorotelomer Alcohols in Municipal Wastewater Treatment Plants"
/mnt/c/Users/Administrator/Zotero/storage/CLMPZU29/Yan 等 - 2015 - A Preliminary Study on the Occurrence of Pharmaceutically Active Compounds in the River Basins and T.pdf,zotero,Yan 等 - 2015 - A Preliminary Study on the Occurrence of Pharmaceutically Active Compounds in the River Basins and T
/mnt/c/Users/Administrator/Zotero/storage/CLXAJ998/Awad 等 - 2011 - Long-Term Environmental Fate of Perfluorinated Compounds after Accidental Release at Toronto Airport.pdf,zotero,Awad 等 - 2011 - Long-Term Environmental Fate of Perfluorinated Compounds after Accidental Release at Toronto Airport
/mnt/c/Users/Administrator/Zotero/storage/CMD6U7SA/Boiteux 等 - 2012 - National Screening Study on 10 Perfluorinated Compounds in Raw and Treated Tap Water in France.pdf,zotero,Boiteux 等 - 2012 - National Screening Study on 10 Perfluorinated Compounds in Raw and Treated Tap Water in France
/mnt/c/Users/Administrator/Zotero/storage/CMYAREK9/Robel 等 - 2017 - Closing the Mass Balance on Fluorine on Papers and Textiles.pdf,zotero,Robel 等 - 2017 - Closing the Mass Balance on Fluorine on Papers and Textiles
/mnt/c/Users/Administrator/Zotero/storage/CNDE28GV/Cahill - 2022 - Increases in Trifluoroacetate Concentrations in Surface Waters over Two Decades.pdf,zotero,Cahill - 2022 - Increases in Trifluoroacetate Concentrations in Surface Waters over Two Decades
"/mnt/c/Users/Administrator/Zotero/storage/CQI9MCLN/Zhou 等 - 2013 - Occurrence and Transport of Perfluoroalkyl Acids (PFAAs), Including Short-Chain PFAAs in Tangxun Lak.pdf",zotero,"Zhou 等 - 2013 - Occurrence and Transport of Perfluoroalkyl Acids (PFAAs), Including Short-Chain PFAAs in Tangxun Lak"
"/mnt/c/Users/Administrator/Zotero/storage/D5VVFYUG/Senthilkumar 等 - 2007 - Perfluorinated Compounds in River Water, River Sediment, Market Fish, and Wildlife Samples from Japa.pdf",zotero,"Senthilkumar 等 - 2007 - Perfluorinated Compounds in River Water, River Sediment, Market Fish, and Wildlife Samples from Japa"
/mnt/c/Users/Administrator/Zotero/storage/D6VJVIZG/Sim 等 - 2021 - Organophosphate Flame Retardants and Perfluoroalkyl Substances in Drinking Water Treatment Plants fr.pdf,zotero,Sim 等 - 2021 - Organophosphate Flame Retardants and Perfluoroalkyl Substances in Drinking Water Treatment Plants fr
"/mnt/c/Users/Administrator/Zotero/storage/DESIA7A6/Lin 等 - 2015 - Occurrence of pharmaceuticals, hormones, and perfluorinated compounds in groundwater in Taiwan.pdf",zotero,"Lin 等 - 2015 - Occurrence of pharmaceuticals, hormones, and perfluorinated compounds in groundwater in Taiwan"
/mnt/c/Users/Administrator/Zotero/storage/DF2IKGGF/Zhang 等 - 2019 - Poly- and Perfluoroalkyl Substances in Seawater and Plankton from the Northwestern Atlantic Margin.pdf,zotero,Zhang 等 - 2019 - Poly- and Perfluoroalkyl Substances in Seawater and Plankton from the Northwestern Atlantic Margin
/mnt/c/Users/Administrator/Zotero/storage/DHEF8JB6/Björnsdotter 等 - 2019 - Ultra-Short-Chain Perfluoroalkyl Acids Including Trifluoromethane Sulfonic Acid in Water Connected t.pdf,zotero,Björnsdotter 等 - 2019 - Ultra-Short-Chain Perfluoroalkyl Acids Including Trifluoromethane Sulfonic Acid in Water Connected t
/mnt/c/Users/Administrator/Zotero/storage/DNGF9RIT/Li 等 - 2017 - Distribution and Risk Assessment of Antibiotics in a Typical River in North China Plain.pdf,zotero,Li 等 - 2017 - Distribution and Risk Assessment of Antibiotics in a Typical River in North China Plain
/mnt/c/Users/Administrator/Zotero/storage/DP7U5E27/Selvam 等 - 2017 - Influence of livestock activities on residue antibiotic levels of rivers in Hong Kong.pdf,zotero,Selvam 等 - 2017 - Influence of livestock activities on residue antibiotic levels of rivers in Hong Kong
"/mnt/c/Users/Administrator/Zotero/storage/DTF2RR5Q/Yang 等 - 2011 - Spatial and seasonal distribution of selected antibiotics in surface waters of the Pearl Rivers, Chi.pdf",zotero,"Yang 等 - 2011 - Spatial and seasonal distribution of selected antibiotics in surface waters of the Pearl Rivers, Chi"
/mnt/c/Users/Administrator/Zotero/storage/DTNP78DC/Björnsdotter 等 - 2019 - Ultra-Short-Chain Perfluoroalkyl Acids Including Trifluoromethane Sulfonic Acid in Water Connected t.pdf,zotero,Björnsdotter 等 - 2019 - Ultra-Short-Chain Perfluoroalkyl Acids Including Trifluoromethane Sulfonic Acid in Water Connected t
"/mnt/c/Users/Administrator/Zotero/storage/EFEYFCBF/Zhang 等 - 2014 - Determination of Perfluoroalkyl Substances in Municipal Landfill Leachates from Beijing, China.pdf",zotero,"Zhang 等 - 2014 - Determination of Perfluoroalkyl Substances in Municipal Landfill Leachates from Beijing, China"
/mnt/c/Users/Administrator/Zotero/storage/EHYPXZ88/Mumtaz 等 - 2019 - Per- and Polyfluoroalkyl Substances in Representative Fluorocarbon Surfactants Used in Chinese Film-.pdf,zotero,Mumtaz 等 - 2019 - Per- and Polyfluoroalkyl Substances in Representative Fluorocarbon Surfactants Used in Chinese Film-
/mnt/c/Users/Administrator/Zotero/storage/EJDC4G4Z/Pan 等 - 2018 - Worldwide Distribution of Novel Perfluoroether Carboxylic and Sulfonic Acids in Surface Water.pdf,zotero,Pan 等 - 2018 - Worldwide Distribution of Novel Perfluoroether Carboxylic and Sulfonic Acids in Surface Water
/mnt/c/Users/Administrator/Zotero/storage/ES7GXUQV/Tian 等 - 2018 - Occurrence and Phase Distribution of Neutral and Ionizable Per- and Polyfluoroalkyl Substances (PFAS.pdf,zotero,Tian 等 - 2018 - Occurrence and Phase Distribution of Neutral and Ionizable Per- and Polyfluoroalkyl Substances (PFAS
"/mnt/c/Users/Administrator/Zotero/storage/EXCCP6FV/Shi 等 - 2012 - Distribution of perfluorinated compounds in water, sediment, biota and floating plants in Baiyangdia.pdf",zotero,"Shi 等 - 2012 - Distribution of perfluorinated compounds in water, sediment, biota and floating plants in Baiyangdia"
/mnt/c/Users/Administrator/Zotero/storage/EZKZKT3L/Sharma 等 - 2016 - Quantitative assessment of possible human health risk associated with consumption of arsenic contami.pdf,zotero,Sharma 等 - 2016 - Quantitative assessment of possible human health risk associated with consumption of arsenic contami
/mnt/c/Users/Administrator/Zotero/storage/F7URKTCF/Coggan 等 - 2019 - A single analytical method for the determination of 53 legacy and emerging per- and polyfluoroalkyl.pdf,zotero,Coggan 等 - 2019 - A single analytical method for the determination of 53 legacy and emerging per- and polyfluoroalkyl
"/mnt/c/Users/Administrator/Zotero/storage/FCYM25EY/De Silva 等 - 2011 - Detection of a Cyclic Perfluorinated Acid, Perfluoroethylcyclohexane Sulfonate, in the Great Lakes o.pdf",zotero,"De Silva 等 - 2011 - Detection of a Cyclic Perfluorinated Acid, Perfluoroethylcyclohexane Sulfonate, in the Great Lakes o"
"/mnt/c/Users/Administrator/Zotero/storage/FZZ94QEH/Sakurai 等 - 2010 - Spatial, Phase, And Temporal Distributions of Perfluorooctane Sulfonate (PFOS) and Perfluorooctanoat.pdf",zotero,"Sakurai 等 - 2010 - Spatial, Phase, And Temporal Distributions of Perfluorooctane Sulfonate (PFOS) and Perfluorooctanoat"
"/mnt/c/Users/Administrator/Zotero/storage/G445LH5D/Marohn 等 - 2012 - Impacts of soil and groundwater salinization on tree crop performance in post-tsunami Aceh Barat, In.pdf",zotero,"Marohn 等 - 2012 - Impacts of soil and groundwater salinization on tree crop performance in post-tsunami Aceh Barat, In"
/mnt/c/Users/Administrator/Zotero/storage/G4EZSG8M/Qin 等 - 2018 - Antibiotics pollution in Gonghu Bay in the period of water diversion from Yangtze River to Taihu Lak.pdf,zotero,Qin 等 - 2018 - Antibiotics pollution in Gonghu Bay in the period of water diversion from Yangtze River to Taihu Lak
/mnt/c/Users/Administrator/Zotero/storage/GFS88GXT/Rostkowski 等 - 2009 - Survey of perfluorinated compounds (PFCs) in surface waters of Poland.pdf,zotero,Rostkowski 等 - 2009 - Survey of perfluorinated compounds (PFCs) in surface waters of Poland
/mnt/c/Users/Administrator/Zotero/storage/GKC78DCT/Xie 等 - 2020 - Distribution characteristics of trifluoroacetic acid in the environments surrounding fluorochemical.pdf,zotero,Xie 等 - 2020 - Distribution characteristics of trifluoroacetic acid in the environments surrounding fluorochemical
/mnt/c/Users/Administrator/Zotero/storage/GQXU4EUC/Na 等 - 2011 - Detection of 36 antibiotics in coastal waters using high performance liquid chromatography-tandem ma.pdf,zotero,Na 等 - 2011 - Detection of 36 antibiotics in coastal waters using high performance liquid chromatography-tandem ma
/mnt/c/Users/Administrator/Zotero/storage/GR7E58AR/Kotthoff 等 - 2015 - Perfluoroalkyl and polyfluoroalkyl substances in consumer products.pdf,zotero,Kotthoff 等 - 2015 - Perfluoroalkyl and polyfluoroalkyl substances in consumer products
"/mnt/c/Users/Administrator/Zotero/storage/GWGB7K6A/Pan 等 - 2011 - Pilot Investigation of Perfluorinated Compounds in River Water, Sediment, Soil and Fish in Tianjin,.pdf",zotero,"Pan 等 - 2011 - Pilot Investigation of Perfluorinated Compounds in River Water, Sediment, Soil and Fish in Tianjin,"
/mnt/c/Users/Administrator/Zotero/storage/H2XVQBJK/Fiedler 等 - 2010 - Poly- and perfluorinated compounds in household consumer products.pdf,zotero,Fiedler 等 - 2010 - Poly- and perfluorinated compounds in household consumer products
/mnt/c/Users/Administrator/Zotero/storage/H3PKITLW/Shafique 等 - 2017 - Perfluoroalkyl acids in aqueous samples from Germany and Kenya.pdf,zotero,Shafique 等 - 2017 - Perfluoroalkyl acids in aqueous samples from Germany and Kenya
/mnt/c/Users/Administrator/Zotero/storage/H5QEERZY/Evlampidou 等 - 2020 - Trihalomethanes in Drinking Water and Bladder Cancer Burden in the European Union.pdf,zotero,Evlampidou 等 - 2020 - Trihalomethanes in Drinking Water and Bladder Cancer Burden in the European Union
"/mnt/c/Users/Administrator/Zotero/storage/H6B9ZMT5/Wang 等 - 2017 - Occurrence, distribution, and risk assessment of antibiotics in the Songhua River in China.pdf",zotero,"Wang 等 - 2017 - Occurrence, distribution, and risk assessment of antibiotics in the Songhua River in China"
/mnt/c/Users/Administrator/Zotero/storage/HGZRR7ZX/Chen 等 - 2013 - Preliminary occurrence studies of antibiotic residues in Hong Kong and Pearl River Delta.pdf,zotero,Chen 等 - 2013 - Preliminary occurrence studies of antibiotic residues in Hong Kong and Pearl River Delta
"/mnt/c/Users/Administrator/Zotero/storage/HR2AR94M/Nicolli 等 - 1989 - Groundwater contamination with arsenic and other trace elements in an area of the pampa, province of.pdf",zotero,"Nicolli 等 - 1989 - Groundwater contamination with arsenic and other trace elements in an area of the pampa, province of"
/mnt/c/Users/Administrator/Zotero/storage/I59QL5TB/Yuan 等 - 2016 - Ubiquitous Occurrence of Fluorotelomer Alcohols in Eco-Friendly Paper-Made Food-Contact Materials an.pdf,zotero,Yuan 等 - 2016 - Ubiquitous Occurrence of Fluorotelomer Alcohols in Eco-Friendly Paper-Made Food-Contact Materials an
/mnt/c/Users/Administrator/Zotero/storage/I9VRYXP7/Lai 等 - 2018 - Occurrence of Emerging Contaminants in Aquaculture Waters Cross-Contamination between Aquaculture S.pdf,zotero,Lai 等 - 2018 - Occurrence of Emerging Contaminants in Aquaculture Waters Cross-Contamination between Aquaculture S
/mnt/c/Users/Administrator/Zotero/storage/IBH6QF9P/Chen 等 - 2018 - Presence of Antibiotics in Shallow Groundwater in the Northern and Southwestern Regions of China.pdf,zotero,Chen 等 - 2018 - Presence of Antibiotics in Shallow Groundwater in the Northern and Southwestern Regions of China
/mnt/c/Users/Administrator/Zotero/storage/IVLUQGJ2/Phung 等 - 2021 - Determination of Per- and Polyfluoroalkyl Substances in Craft Villages and Industrial Environments o.pdf,zotero,Phung 等 - 2021 - Determination of Per- and Polyfluoroalkyl Substances in Craft Villages and Industrial Environments o
/mnt/c/Users/Administrator/Zotero/storage/IZPGFX7B/Chung 等 - 2016 - Simultaneous determination of seven multiclass veterinary antibiotics in surface water samples in th.pdf,zotero,Chung 等 - 2016 - Simultaneous determination of seven multiclass veterinary antibiotics in surface water samples in th
/mnt/c/Users/Administrator/Zotero/storage/JC7YMEQV/Berg 等 - 2001 - Arsenic Contamination of Groundwater and Drinking Water in Vietnam A Human Health Threat.pdf,zotero,Berg 等 - 2001 - Arsenic Contamination of Groundwater and Drinking Water in Vietnam A Human Health Threat
/mnt/c/Users/Administrator/Zotero/storage/JPY77LKQ/Scott 等 - 2005 - Comparison of Haloacetic Acids in the Environment of the Northern and Southern Hemispheres.pdf,zotero,Scott 等 - 2005 - Comparison of Haloacetic Acids in the Environment of the Northern and Southern Hemispheres
/mnt/c/Users/Administrator/Zotero/storage/KGWEJDGJ/Kim 等 - 2013 - Contamination by perfluorinated compounds in water near waste recycling and disposal sites in Vietna.pdf,zotero,Kim 等 - 2013 - Contamination by perfluorinated compounds in water near waste recycling and disposal sites in Vietna
/mnt/c/Users/Administrator/Zotero/storage/KHY6SF3F/Gobelius 等 - 2018 - Per- and Polyfluoroalkyl Substances in Swedish Groundwater and Surface Water Implications for Envir.pdf,zotero,Gobelius 等 - 2018 - Per- and Polyfluoroalkyl Substances in Swedish Groundwater and Surface Water Implications for Envir
/mnt/c/Users/Administrator/Zotero/storage/KKNNZZTZ/Heydebreck 等 - 2016 - Emissions of Per- and Polyfluoroalkyl Substances in a Textile Manufacturing Plant in China and Their.pdf,zotero,Heydebreck 等 - 2016 - Emissions of Per- and Polyfluoroalkyl Substances in a Textile Manufacturing Plant in China and Their
/mnt/c/Users/Administrator/Zotero/storage/KQS8CN7T/Dong 等 - 2018 - Occurrence and Partition of Perfluorinated Compounds (PFCs) in Water and Sediment from the Songhua R.pdf,zotero,Dong 等 - 2018 - Occurrence and Partition of Perfluorinated Compounds (PFCs) in Water and Sediment from the Songhua R
/mnt/c/Users/Administrator/Zotero/storage/KYQZ65YA/Chidambaram 等 - 2017 - A study on the arsenic concentration in groundwater of a coastal aquifer in south-east India an int.pdf,zotero,Chidambaram 等 - 2017 - A study on the arsenic concentration in groundwater of a coastal aquifer in south-east India an int
/mnt/c/Users/Administrator/Zotero/storage/L23EVBC9/Zheng 等 - 2023 - Elevated Levels of Ultrashort- and Short-Chain Perfluoroalkyl Acids in US Homes and People.pdf,zotero,Zheng 等 - 2023 - Elevated Levels of Ultrashort- and Short-Chain Perfluoroalkyl Acids in US Homes and People
"/mnt/c/Users/Administrator/Zotero/storage/LBKR9585/Wang 等 - 2016 - Identification, Tissue Distribution, and Bioaccumulation Potential of Cyclic Perfluorinated Sulfonic.pdf",zotero,"Wang 等 - 2016 - Identification, Tissue Distribution, and Bioaccumulation Potential of Cyclic Perfluorinated Sulfonic"
"/mnt/c/Users/Administrator/Zotero/storage/LHSE5Y8A/Gao 等 - 2012 - Occurrence, distribution and bioaccumulation of antibiotics in the Haihe River in China.pdf",zotero,"Gao 等 - 2012 - Occurrence, distribution and bioaccumulation of antibiotics in the Haihe River in China"
/mnt/c/Users/Administrator/Zotero/storage/LIC3BTYS/Chen 等 - 2018 - Multimedia Distribution and Transfer of Per- and Polyfluoroalkyl Substances (PFASs) Surrounding Two.pdf,zotero,Chen 等 - 2018 - Multimedia Distribution and Transfer of Per- and Polyfluoroalkyl Substances (PFASs) Surrounding Two
/mnt/c/Users/Administrator/Zotero/storage/LPTG7V6Z/Stock 等 - 2007 - Perfluoroalkyl Contaminants in the Canadian Arctic Evidence of Atmospheric Transport and Local Cont.pdf,zotero,Stock 等 - 2007 - Perfluoroalkyl Contaminants in the Canadian Arctic Evidence of Atmospheric Transport and Local Cont
/mnt/c/Users/Administrator/Zotero/storage/LQEWCS46/Chatterjee 等 - 2005 - Riddle of arsenic in groundwater of Bengal Delta Plain—role of non-inland source and redox traps.pdf,zotero,Chatterjee 等 - 2005 - Riddle of arsenic in groundwater of Bengal Delta Plain—role of non-inland source and redox traps
/mnt/c/Users/Administrator/Zotero/storage/M6JMHQXL/Lübbert 等 - 2017 - Environmental pollution with antimicrobial agents from bulk drug manufacturing industries in Hyderab.pdf,zotero,Lübbert 等 - 2017 - Environmental pollution with antimicrobial agents from bulk drug manufacturing industries in Hyderab
"/mnt/c/Users/Administrator/Zotero/storage/M9X8V9S5/Wang 等 - 2018 - Antibiotics in Crab Ponds of Lake Guchenghu Basin, China Occurrence, Temporal Variations, and Ecolo.pdf",zotero,"Wang 等 - 2018 - Antibiotics in Crab Ponds of Lake Guchenghu Basin, China Occurrence, Temporal Variations, and Ecolo"
/mnt/c/Users/Administrator/Zotero/storage/ME5ELFAY/Kim 等 - 2015 - Compositional Effects on Leaching of Stain-Guarded (Perfluoroalkyl and Polyfluoroalkyl Substance-Tre.pdf,zotero,Kim 等 - 2015 - Compositional Effects on Leaching of Stain-Guarded (Perfluoroalkyl and Polyfluoroalkyl Substance-Tre
/mnt/c/Users/Administrator/Zotero/storage/MI5SB4CZ/McLachlan 等 - 2007 - Riverine Discharge of Perfluorinated Carboxylates from the European Continent.pdf,zotero,McLachlan 等 - 2007 - Riverine Discharge of Perfluorinated Carboxylates from the European Continent
/mnt/c/Users/Administrator/Zotero/storage/MNWGUZEP/Chen 等 - 2019 - Release of Perfluoroalkyl Substances From Melting Glacier of the Tibetan Plateau Insights Into the.pdf,zotero,Chen 等 - 2019 - Release of Perfluoroalkyl Substances From Melting Glacier of the Tibetan Plateau Insights Into the
"/mnt/c/Users/Administrator/Zotero/storage/MSJP6RMJ/Qiu 等 - 2016 - Occurrence, fate, and risk assessment of vancomycin in two typical pharmaceutical wastewater treatme.pdf",zotero,"Qiu 等 - 2016 - Occurrence, fate, and risk assessment of vancomycin in two typical pharmaceutical wastewater treatme"
/mnt/c/Users/Administrator/Zotero/storage/N3AUU4H7/Newton 等 - 2017 - Novel Polyfluorinated Compounds Identified Using High Resolution Mass Spectrometry Downstream of Man.pdf,zotero,Newton 等 - 2017 - Novel Polyfluorinated Compounds Identified Using High Resolution Mass Spectrometry Downstream of Man
"/mnt/c/Users/Administrator/Zotero/storage/N9SMECUN/Björnsdotter 等 - 2022 - Mass Balance of Perfluoroalkyl Acids, Including Trifluoroacetic Acid, in a Freshwater Lake.pdf",zotero,"Björnsdotter 等 - 2022 - Mass Balance of Perfluoroalkyl Acids, Including Trifluoroacetic Acid, in a Freshwater Lake"
/mnt/c/Users/Administrator/Zotero/storage/NBVZRQQA/Evlampidou 等 - 2020 - Trihalomethanes in Drinking Water and Bladder Cancer Burden in the European Union.pdf,zotero,Evlampidou 等 - 2020 - Trihalomethanes in Drinking Water and Bladder Cancer Burden in the European Union
/mnt/c/Users/Administrator/Zotero/storage/NTVPD2GK/Munoz 等 - 2017 - Influence of Environmental Factors on the Fate of Legacy and Emerging Per- and Polyfluoroalkyl Subst.pdf,zotero,Munoz 等 - 2017 - Influence of Environmental Factors on the Fate of Legacy and Emerging Per- and Polyfluoroalkyl Subst
/mnt/c/Users/Administrator/Zotero/storage/NYIHKBKY/Kortatsi 等 - 2008 - Reconnaissance Survey of Arsenic Concentration in Ground-water in South-eastern Ghana.pdf,zotero,Kortatsi 等 - 2008 - Reconnaissance Survey of Arsenic Concentration in Ground-water in South-eastern Ghana
/mnt/c/Users/Administrator/Zotero/storage/PA98BLW2/Dauchy 等 - 2019 - Poly- and Perfluoroalkyl Substances in Runoff Water and Wastewater Sampled at a Firefighter Training.pdf,zotero,Dauchy 等 - 2019 - Poly- and Perfluoroalkyl Substances in Runoff Water and Wastewater Sampled at a Firefighter Training
"/mnt/c/Users/Administrator/Zotero/storage/PBEPLYG7/Cui 等 - 2018 - Occurrence, distribution, and seasonal variation of antibiotics in an artificial water source reserv.pdf",zotero,"Cui 等 - 2018 - Occurrence, distribution, and seasonal variation of antibiotics in an artificial water source reserv"
/mnt/c/Users/Administrator/Zotero/storage/PGSHBZDA/Moody 等 - 2002 - Monitoring Perfluorinated Surfactants in Biota and Surface Water Samples Following an Accidental Rel.pdf,zotero,Moody 等 - 2002 - Monitoring Perfluorinated Surfactants in Biota and Surface Water Samples Following an Accidental Rel
/mnt/c/Users/Administrator/Zotero/storage/PJAH7UR2/Meng 等 - 2021 - Occurrence of antibiotics in rural drinking water and related human health risk assessment.pdf,zotero,Meng 等 - 2021 - Occurrence of antibiotics in rural drinking water and related human health risk assessment
/mnt/c/Users/Administrator/Zotero/storage/PK8CTYJ6/Freeling 等 - 2022 - Levels and Temporal Trends of Trifluoroacetate (TFA) in Archived Plants Evidence for Increasing Emi.pdf,zotero,Freeling 等 - 2022 - Levels and Temporal Trends of Trifluoroacetate (TFA) in Archived Plants Evidence for Increasing Emi
"/mnt/c/Users/Administrator/Zotero/storage/PU76SY9M/Backe 等 - 2013 - Zwitterionic, Cationic, and Anionic Fluorinated Chemicals in Aqueous Film Forming Foam Formulations.pdf",zotero,"Backe 等 - 2013 - Zwitterionic, Cationic, and Anionic Fluorinated Chemicals in Aqueous Film Forming Foam Formulations"
/mnt/c/Users/Administrator/Zotero/storage/PXYLRI6S/McGuire 等 - 2014 - Evidence of Remediation-Induced Alteration of Subsurface Poly- and Perfluoroalkyl Substance Distribu.pdf,zotero,McGuire 等 - 2014 - Evidence of Remediation-Induced Alteration of Subsurface Poly- and Perfluoroalkyl Substance Distribu
/mnt/c/Users/Administrator/Zotero/storage/PYDDQM9M/Elizalde 等 - 2018 - Migration of perfluorinated compounds from paperbag to Tenax® and lyophilised milk at different temp.pdf,zotero,Elizalde 等 - 2018 - Migration of perfluorinated compounds from paperbag to Tenax® and lyophilised milk at different temp
/mnt/c/Users/Administrator/Zotero/storage/Q2DH6RYH/Ruyle 等 - 2021 - Isolating the AFFF Signature in Coastal Watersheds Using Oxidizable PFAS Precursors and Unexplained.pdf,zotero,Ruyle 等 - 2021 - Isolating the AFFF Signature in Coastal Watersheds Using Oxidizable PFAS Precursors and Unexplained
/mnt/c/Users/Administrator/Zotero/storage/Q4H6E89W/Schmidt 等 - 2019 - Occurrence of perfluoroalkyl substances in the Bay of Marseille (NW Mediterranean Sea) and the Rhône.pdf,zotero,Schmidt 等 - 2019 - Occurrence of perfluoroalkyl substances in the Bay of Marseille (NW Mediterranean Sea) and the Rhône
/mnt/c/Users/Administrator/Zotero/storage/Q4W83ZVB/Gebbink 等 - 2016 - Perfluoroalkyl Acids (PFAAs) and Selected Precursors in the Baltic Sea Environment Do Precursors Pl.pdf,zotero,Gebbink 等 - 2016 - Perfluoroalkyl Acids (PFAAs) and Selected Precursors in the Baltic Sea Environment Do Precursors Pl
/mnt/c/Users/Administrator/Zotero/storage/QJM4LMDM/Wang 等 - 2015 - Transport of short-chain perfluoroalkyl acids from concentrated fluoropolymer facilities to the Dali.pdf,zotero,Wang 等 - 2015 - Transport of short-chain perfluoroalkyl acids from concentrated fluoropolymer facilities to the Dali
"/mnt/c/Users/Administrator/Zotero/storage/QLDCTH3R/Lu 等 - 2019 - Pharmaceutical and Personal Care Products in Surface Waters from the Inner City of Beijing, China I.pdf",zotero,"Lu 等 - 2019 - Pharmaceutical and Personal Care Products in Surface Waters from the Inner City of Beijing, China I"
/mnt/c/Users/Administrator/Zotero/storage/QMPL23GN/Kärrman 等 - 2011 - Environmental levels and distribution of structural isomers of perfluoroalkyl acids after aqueous fi.pdf,zotero,Kärrman 等 - 2011 - Environmental levels and distribution of structural isomers of perfluoroalkyl acids after aqueous fi
/mnt/c/Users/Administrator/Zotero/storage/QNHGEQHN/Martin 等 - 2003 - Airborne Haloacetic Acids.pdf,zotero,Martin 等 - 2003 - Airborne Haloacetic Acids
"/mnt/c/Users/Administrator/Zotero/storage/QQHDVVHH/So 等 - 2004 - Perfluorinated Compounds in Coastal Waters of Hong Kong, South China, and Korea.pdf",zotero,"So 等 - 2004 - Perfluorinated Compounds in Coastal Waters of Hong Kong, South China, and Korea"
"/mnt/c/Users/Administrator/Zotero/storage/QT25DXR5/Zhou 等 - 2016 - Occurrence, spatiotemporal distribution, mass balance and ecological risks of antibiotics in subtrop.pdf",zotero,"Zhou 等 - 2016 - Occurrence, spatiotemporal distribution, mass balance and ecological risks of antibiotics in subtrop"
/mnt/c/Users/Administrator/Zotero/storage/R236WWLD/Wujcik 等 - 1999 - Determination of Trifluoroacetic Acid in 1996−1997 Precipitation and Surface Waters in California an.pdf,zotero,Wujcik 等 - 1999 - Determination of Trifluoroacetic Acid in 1996−1997 Precipitation and Surface Waters in California an
"/mnt/c/Users/Administrator/Zotero/storage/RBVMXQV8/Huset 等 - 2008 - Occurrence and Mass Flows of Fluorochemicals in the Glatt Valley Watershed, Switzerland.pdf",zotero,"Huset 等 - 2008 - Occurrence and Mass Flows of Fluorochemicals in the Glatt Valley Watershed, Switzerland"
/mnt/c/Users/Administrator/Zotero/storage/RDWKTNIL/Hou 等 - 2016 - The occurrence and fate of tetracyclines in two pharmaceutical wastewater treatment plants of Northe.pdf,zotero,Hou 等 - 2016 - The occurrence and fate of tetracyclines in two pharmaceutical wastewater treatment plants of Northe
"/mnt/c/Users/Administrator/Zotero/storage/RGLV6TFI/Sammut 等 - 2019 - Perfluoroalkyl substances in the Maltese environment – (II) sediments, soils and groundwater.pdf",zotero,"Sammut 等 - 2019 - Perfluoroalkyl substances in the Maltese environment – (II) sediments, soils and groundwater"
/mnt/c/Users/Administrator/Zotero/storage/RZC6LV6B/Gobelius 等 - 2017 - Plant Uptake of Per- and Polyfluoroalkyl Substances at a Contaminated Fire Training Facility to Eval.pdf,zotero,Gobelius 等 - 2017 - Plant Uptake of Per- and Polyfluoroalkyl Substances at a Contaminated Fire Training Facility to Eval
"/mnt/c/Users/Administrator/Zotero/storage/RZWHLR3P/Jiang 等 - 2013 - Occurrence and sources of antibiotics and their metabolites in river water, WWTPs, and swine wastewa.pdf",zotero,"Jiang 等 - 2013 - Occurrence and sources of antibiotics and their metabolites in river water, WWTPs, and swine wastewa"
/mnt/c/Users/Administrator/Zotero/storage/SFTM2RCC/Houtz 等 - 2013 - Persistence of Perfluoroalkyl Acid Precursors in AFFF-Impacted Groundwater and Soil.pdf,zotero,Houtz 等 - 2013 - Persistence of Perfluoroalkyl Acid Precursors in AFFF-Impacted Groundwater and Soil
"/mnt/c/Users/Administrator/Zotero/storage/SKBR7SGT/Liu 等 - 2018 - Occurrence, source, and ecological risk of antibiotics in Dongting Lake, China.pdf",zotero,"Liu 等 - 2018 - Occurrence, source, and ecological risk of antibiotics in Dongting Lake, China"
/mnt/c/Users/Administrator/Zotero/storage/SKP5GGVI/Shivakoti 等 - 2010 - Occurrences and behavior of perfluorinated compounds (PFCs) in several wastewater treatment plants (.pdf,zotero,Shivakoti 等 - 2010 - Occurrences and behavior of perfluorinated compounds (PFCs) in several wastewater treatment plants (
/mnt/c/Users/Administrator/Zotero/storage/SQN8IWLY/Li 等 - 2019 - Occurrence and distribution of selected antibiotics in the surface waters and ecological risk assess.pdf,zotero,Li 等 - 2019 - Occurrence and distribution of selected antibiotics in the surface waters and ecological risk assess
/mnt/c/Users/Administrator/Zotero/storage/SYQUIMI9/Hansen 等 - 2002 - Quantitative Characterization of Trace Levels of PFOS and PFOA in the Tennessee River.pdf,zotero,Hansen 等 - 2002 - Quantitative Characterization of Trace Levels of PFOS and PFOA in the Tennessee River
/mnt/c/Users/Administrator/Zotero/storage/T3YMQRGA/Sun 等 - 2016 - Legacy and Emerging Perfluoroalkyl Substances Are Important Drinking Water Contaminants in the Cape.pdf,zotero,Sun 等 - 2016 - Legacy and Emerging Perfluoroalkyl Substances Are Important Drinking Water Contaminants in the Cape
/mnt/c/Users/Administrator/Zotero/storage/T47TZRAY/Scott 等 - 2002 - Distribution of Haloacetic Acids in the Water Columns of the Laurentian Great Lakes and Lake Malawi.pdf,zotero,Scott 等 - 2002 - Distribution of Haloacetic Acids in the Water Columns of the Laurentian Great Lakes and Lake Malawi
"/mnt/c/Users/Administrator/Zotero/storage/T7DUERVB/Diwan 等 - 2018 - Seasonal Variations in Water-Quality, Antibiotic Residues, Resistant Bacteria and Antibiotic Resista.pdf",zotero,"Diwan 等 - 2018 - Seasonal Variations in Water-Quality, Antibiotic Residues, Resistant Bacteria and Antibiotic Resista"
/mnt/c/Users/Administrator/Zotero/storage/T7RIXGJ9/Kaserzon 等 - 2012 - Development and Calibration of a Passive Sampler for Perfluorinated Alkyl Carboxylates and Sulfonate.pdf,zotero,Kaserzon 等 - 2012 - Development and Calibration of a Passive Sampler for Perfluorinated Alkyl Carboxylates and Sulfonate
/mnt/c/Users/Administrator/Zotero/storage/T8XR9CR6/Yang 等 - 2013 - Occurrence and fate of PPCPs and correlations with water quality parameters in urban riverine waters.pdf,zotero,Yang 等 - 2013 - Occurrence and fate of PPCPs and correlations with water quality parameters in urban riverine waters
/mnt/c/Users/Administrator/Zotero/storage/TKSJKYQQ/D’Agostino和Mabury - 2017 - Certain Perfluoroalkyl and Polyfluoroalkyl Substances Associated with Aqueous Film Forming Foam Are.pdf,zotero,D’Agostino和Mabury - 2017 - Certain Perfluoroalkyl and Polyfluoroalkyl Substances Associated with Aqueous Film Forming Foam Are
/mnt/c/Users/Administrator/Zotero/storage/U3HLUUPC/Cai 等 - 2015 - Determination of selected pharmaceuticals in tap water and drinking water treatment plant by high-pe.pdf,zotero,Cai 等 - 2015 - Determination of selected pharmaceuticals in tap water and drinking water treatment plant by high-pe
/mnt/c/Users/Administrator/Zotero/storage/UB3U9IDS/Moody 等 - 2001 - Determination of Perfluorinated Surfactants in Surface Water Samples by Two Independent Analytical T.pdf,zotero,Moody 等 - 2001 - Determination of Perfluorinated Surfactants in Surface Water Samples by Two Independent Analytical T
/mnt/c/Users/Administrator/Zotero/storage/UHYLCN5B/Wang 等 - 2019 - Occurrence and ecological risk of pharmaceutical and personal care products in surface water of the.pdf,zotero,Wang 等 - 2019 - Occurrence and ecological risk of pharmaceutical and personal care products in surface water of the
/mnt/c/Users/Administrator/Zotero/storage/UIP5Q6AG/Wang 等 - 2019 - Seasonal distribution characteristics and health risk assessment of typical antibiotics in the Harbi.pdf,zotero,Wang 等 - 2019 - Seasonal distribution characteristics and health risk assessment of typical antibiotics in the Harbi
/mnt/c/Users/Administrator/Zotero/storage/UL6XCR2Z/Buschmann 等 - 2007 - Arsenic and Manganese Contamination of Drinking Water Resources in Cambodia Coincidence of Risk Are.pdf,zotero,Buschmann 等 - 2007 - Arsenic and Manganese Contamination of Drinking Water Resources in Cambodia Coincidence of Risk Are
/mnt/c/Users/Administrator/Zotero/storage/UUL6V6VF/Gewurtz 等 - 2019 - Perfluoroalkyl Acids in Great Lakes Precipitation and Surface Water (2006–2018) Indicate Response to.pdf,zotero,Gewurtz 等 - 2019 - Perfluoroalkyl Acids in Great Lakes Precipitation and Surface Water (2006–2018) Indicate Response to
/mnt/c/Users/Administrator/Zotero/storage/UXJ7MRFP/Liu 等 - 2019 - Contamination Profiles of Perfluoroalkyl Substances (PFAS) in Groundwater in the Alluvial–Pluvial Pl.pdf,zotero,Liu 等 - 2019 - Contamination Profiles of Perfluoroalkyl Substances (PFAS) in Groundwater in the Alluvial–Pluvial Pl
/mnt/c/Users/Administrator/Zotero/storage/V4RPWPM2/Zhang 等 - 2014 - Occurrences of Three Classes of Antibiotics in a Natural River Basin Association with Antibiotic-Re.pdf,zotero,Zhang 等 - 2014 - Occurrences of Three Classes of Antibiotics in a Natural River Basin Association with Antibiotic-Re
"/mnt/c/Users/Administrator/Zotero/storage/V7VHUK3B/Boiteux 等 - 2016 - Analysis of 29 per- and polyfluorinated compounds in water, sediment, soil and sludge by liquid chro.pdf",zotero,"Boiteux 等 - 2016 - Analysis of 29 per- and polyfluorinated compounds in water, sediment, soil and sludge by liquid chro"
/mnt/c/Users/Administrator/Zotero/storage/VIXAM6VG/Janda 等 - 2019 - Robust trace analysis of polar (C2-C8) perfluorinated carboxylic acids by liquid chromatography-tand.pdf,zotero,Janda 等 - 2019 - Robust trace analysis of polar (C2-C8) perfluorinated carboxylic acids by liquid chromatography-tand
/mnt/c/Users/Administrator/Zotero/storage/VLZLBI82/Ahrens 等 - 2009 - Partitioning Behavior of Per- and Polyfluoroalkyl Compounds between Pore Water and Sediment in Two S.pdf,zotero,Ahrens 等 - 2009 - Partitioning Behavior of Per- and Polyfluoroalkyl Compounds between Pore Water and Sediment in Two S
/mnt/c/Users/Administrator/Zotero/storage/VP5AS8F6/Li 等 - 2018 - Distribution Characteristics and Ecological Risk Assessment of Tetracyclines Pollution in the Weihe.pdf,zotero,Li 等 - 2018 - Distribution Characteristics and Ecological Risk Assessment of Tetracyclines Pollution in the Weihe
"/mnt/c/Users/Administrator/Zotero/storage/VPS3SZ7H/Gu 等 - 2019 - Occurrence and Risk Assessment of Antibiotics in Manure, Soil, Wastewater, Groundwater from Livestoc.pdf",zotero,"Gu 等 - 2019 - Occurrence and Risk Assessment of Antibiotics in Manure, Soil, Wastewater, Groundwater from Livestoc"
"/mnt/c/Users/Administrator/Zotero/storage/VVTKWZ64/Li 等 - 2015 - Occurrence, distribution and risks of antibiotics in urban surface water in Beijing, China.pdf",zotero,"Li 等 - 2015 - Occurrence, distribution and risks of antibiotics in urban surface water in Beijing, China"
"/mnt/c/Users/Administrator/Zotero/storage/VZHNYBZ4/Pico 等 - 2012 - Occurrence of perfluorinated compounds in water and sediment of L’Albufera Natural Park (València, S.pdf",zotero,"Pico 等 - 2012 - Occurrence of perfluorinated compounds in water and sediment of L’Albufera Natural Park (València, S"
/mnt/c/Users/Administrator/Zotero/storage/W3ZL32IQ/Olea 等 - 2018 - Advancements in hydrochemistry mapping methods and application to groundwater arsenic and iron conc.pdf,zotero,Olea 等 - 2018 - Advancements in hydrochemistry mapping methods and application to groundwater arsenic and iron conc
/mnt/c/Users/Administrator/Zotero/storage/WCTRMMN9/Meyer 等 - 2011 - Fate of Perfluorinated Carboxylates and Sulfonates During Snowmelt Within an Urban Watershed.pdf,zotero,Meyer 等 - 2011 - Fate of Perfluorinated Carboxylates and Sulfonates During Snowmelt Within an Urban Watershed
/mnt/c/Users/Administrator/Zotero/storage/WDS9TBXR/Wang 等 - 2014 - Occurrence and removal of six pharmaceuticals and personal care products in a wastewater treatment p.pdf,zotero,Wang 等 - 2014 - Occurrence and removal of six pharmaceuticals and personal care products in a wastewater treatment p
"/mnt/c/Users/Administrator/Zotero/storage/WXNMJAQJ/Sakurai 等 - 2010 - Spatial, Phase, And Temporal Distributions of Perfluorooctane Sulfonate (PFOS) and Perfluorooctanoat.pdf",zotero,"Sakurai 等 - 2010 - Spatial, Phase, And Temporal Distributions of Perfluorooctane Sulfonate (PFOS) and Perfluorooctanoat"
"/mnt/c/Users/Administrator/Zotero/storage/X28XDKAT/Zhang 等 - 2017 - Occurrence, Distribution and Ecological Risks of Fluoroquinolone Antibiotics in the Dongjiang River.pdf",zotero,"Zhang 等 - 2017 - Occurrence, Distribution and Ecological Risks of Fluoroquinolone Antibiotics in the Dongjiang River"
"/mnt/c/Users/Administrator/Zotero/storage/X33HJ7F9/Dong 等 - 2016 - Antibiotics in water and sediments from Liao River in Jilin Province, China occurrence, distributio.pdf",zotero,"Dong 等 - 2016 - Antibiotics in water and sediments from Liao River in Jilin Province, China occurrence, distributio"
/mnt/c/Users/Administrator/Zotero/storage/XKRDKZMU/Chen 等 - 2018 - Multimedia Distribution and Transfer of Per- and Polyfluoroalkyl Substances (PFASs) Surrounding Two.pdf,zotero,Chen 等 - 2018 - Multimedia Distribution and Transfer of Per- and Polyfluoroalkyl Substances (PFASs) Surrounding Two
/mnt/c/Users/Administrator/Zotero/storage/XKYVY3M6/Zushi 等 - 2011 - Spatially Detailed Survey on Pollution by Multiple Perfluorinated Compounds in the Tokyo Bay Basin o.pdf,zotero,Zushi 等 - 2011 - Spatially Detailed Survey on Pollution by Multiple Perfluorinated Compounds in the Tokyo Bay Basin o
/mnt/c/Users/Administrator/Zotero/storage/XMVUGIIK/Sim 等 - 2021 - Organophosphate Flame Retardants and Perfluoroalkyl Substances in Drinking Water Treatment Plants fr.pdf,zotero,Sim 等 - 2021 - Organophosphate Flame Retardants and Perfluoroalkyl Substances in Drinking Water Treatment Plants fr
/mnt/c/Users/Administrator/Zotero/storage/XSPGU72T/Ok 等 - 2011 - Monitoring of selected veterinary antibiotics in environmental compartments near a composting facili.pdf,zotero,Ok 等 - 2011 - Monitoring of selected veterinary antibiotics in environmental compartments near a composting facili
/mnt/c/Users/Administrator/Zotero/storage/Y9A63KER/Li 等 - 2018 - Antibiotic residues in liquid manure from swine feedlot and their effects on nearby groundwater in r.pdf,zotero,Li 等 - 2018 - Antibiotic residues in liquid manure from swine feedlot and their effects on nearby groundwater in r
/mnt/c/Users/Administrator/Zotero/storage/YJQY4RH4/Zainuddin 等 - 2012 - Perfluorooctanoic Acid (PFOA) and Perfluorooctane Sulfonate (PFOS) in Surface Water From the Langat.pdf,zotero,Zainuddin 等 - 2012 - Perfluorooctanoic Acid (PFOA) and Perfluorooctane Sulfonate (PFOS) in Surface Water From the Langat
"/mnt/c/Users/Administrator/Zotero/storage/YQ97WWT7/Marohn 等 - 2012 - Impacts of soil and groundwater salinization on tree crop performance in post-tsunami Aceh Barat, In.pdf",zotero,"Marohn 等 - 2012 - Impacts of soil and groundwater salinization on tree crop performance in post-tsunami Aceh Barat, In"
/mnt/c/Users/Administrator/Zotero/storage/YRYK88RJ/Gebbink 等 - 2017 - Presence of Emerging Per- and Polyfluoroalkyl Substances (PFASs) in River and Drinking Water near a.pdf,zotero,Gebbink 等 - 2017 - Presence of Emerging Per- and Polyfluoroalkyl Substances (PFASs) in River and Drinking Water near a
/mnt/c/Users/Administrator/Zotero/storage/YTNPAT8X/Yamazaki 等 - 2016 - Perfluorinated carboxylic and sulphonic acids in surface water media from the regions of Tibetan Pla.pdf,zotero,Yamazaki 等 - 2016 - Perfluorinated carboxylic and sulphonic acids in surface water media from the regions of Tibetan Pla
/mnt/c/Users/Administrator/Zotero/storage/ZHP2TFIP/Tsou 等 - 2023 - Improved Total Oxidizable Precursor Assay for Quantifying Polyfluorinated Compounds Amenable to Oxid.pdf,zotero,Tsou 等 - 2023 - Improved Total Oxidizable Precursor Assay for Quantifying Polyfluorinated Compounds Amenable to Oxid
/mnt/c/Users/Administrator/Zotero/storage/ZP8R5NYK/Ben 等 - 2013 - Occurrence and partition of antibiotics in the liquid and solid phases of swine wastewater from conc.pdf,zotero,Ben 等 - 2013 - Occurrence and partition of antibiotics in the liquid and solid phases of swine wastewater from conc
/mnt/c/Users/Administrator/Zotero/storage/ZSLXM6WS/Jin 等 - 2015 - Isomer Profiles of Perfluoroalkyl Substances in Water and Soil Surrounding a Chinese Fluorochemical.pdf,zotero,Jin 等 - 2015 - Isomer Profiles of Perfluoroalkyl Substances in Water and Soil Surrounding a Chinese Fluorochemical
/mnt/c/Users/Administrator/Zotero/storage/ZTE825XQ/Heydebreck 等 - 2015 - Alternative and Legacy Perfluoroalkyl Substances Differences between European and Chinese RiverEst.pdf,zotero,Heydebreck 等 - 2015 - Alternative and Legacy Perfluoroalkyl Substances Differences between European and Chinese RiverEst
/mnt/c/Users/Administrator/Zotero/storage/ZUUIWS7D/Sui 等 - 2011 - Seasonal Variation in the Occurrence and Removal of Pharmaceuticals and Personal Care Products in Di.pdf,zotero,Sui 等 - 2011 - Seasonal Variation in the Occurrence and Removal of Pharmaceuticals and Personal Care Products in Di
