reference_block,title_guess
"Janda, J.; Nödler, K.; Brauch, H. J.; Zwiener, C.; Lange, F. T. Robust Trace Analysis of Polar (C2-C8) Perfluorinated Carboxylic Acids by Liquid Chromatography-Tandem Mass Spectrometry: Method Development and Application to Surface Water, Groundwater and Drinking Water. Environmental Science and Pollution Research 2019, 26 (8), 7326−7336.",", 26 (8), 7326−7336"
"Neuwald, I. J.; Hübner, D.; Wiegand, H. L.; Valkov, V.; Borchers, U.; Nödler, K.; Scheurer, M.; Hale, S. E.; Arp, H. P. H.; Zahn, D. Ultra-Short-Chain PFASs in the Sources of German Drinking Water: Prevalent, Overlooked, Difficult to Remove, and Unregulated. Environ. Sci. Technol. 2022, 56, 6380.",", 56, 6380"
"Liang, S. H.; Steimling, J. A.; Chang, M. Analysis of UltrashortChain and Short-Chain (C1 to C4) per- and Polyfluorinated Substances in Potable and Non-Potable Waters. Journal of Chromatography Open 2023, 4, 100098.",", 4, 100098"
"Tian, Y.; Yao, Y.; Chang, S.; Zhao, Z.; Zhao, Y.; Yuan, X.; Wu, F.; Sun, H. Occurrence and Phase Distribution of Neutral and Ionizable Per- and Polyfluoroalkyl Substances (PFASs) in the Atmosphere and Plant Leaves around Landfills: A Case Study in Tianjin, China. Environ. Sci. Technol. 2018, 52 (3), 1301−1310.",", 52 (3), 1301−1310"
"Chen, H.; Yao, Y.; Zhao, Z.; Wang, Y.; Wang, Q.; Ren, C.; Wang, B.; Sun, H.; Alder, A. C.; Kannan, K. Multimedia Distribution and Transfer of Per- and Polyfluoroalkyl Substances (PFASs) Surrounding Two Fluorochemical Manufacturing Facilities in Fuxin, China. Environ. Sci. Technol. 2018, 52 (15), 8263−8271. 19931 https://doi.org/",", 52 (15), 8263−8271"
"Singh, R. R.; Papanastasiou, D. K. Comment on “Scientific Basis for Managing PFAS as a Chemical Class. Environmental Science and Technology Letters 2021, 8 (2), 192−194.",", 8 (2), 192−194"
"Arp, H. P. H.; Kühnel, D.; Rummel, C.; MacLeod, M.; Potthoff, A.; Reichelt, S.; Rojo-Nieto, E.; Schmitt-Jansen, M.; Sonnenberg, J.; Toorman, E.; Jahnke, A. Weathering Plastics as a Planetary Boundary Threat: Exposure, Fate, and Hazards. Environ. Sci. Technol. 2021, 55 (11), 7246−7255.",", 55 (11), 7246−7255"
"Persson, L. M.; Breitholtz, M.; Cousins, I. T.; De Wit, C. A.; MacLeod, M.; McLachlan, M. S. Confronting Unknown Planetary Boundary Threats from Chemical Pollution. Environ. Sci. Technol. 2013, 47 (22), 12619−12622.",", 47 (22), 12619−12622"
"MacLeod, M.; Breitholtz, M.; Cousins, I. T.; De Wit, C. A.; Persson, L. M.; Rudén, C.; McLachlan, M. S. Identifying Chemicals That Are Planetary Boundary Threats. Environ. Sci. Technol. 2014, 48 (19), 11057−11063.",", 48 (19), 11057−11063"
"Cousins, I. T.; Johansson, J. H.; Salter, M. E.; Sha, B.; Scheringer, M. Outside the Safe Operating Space of a New Planetary Boundary for Per- and Polyfluoroalkyl Substances (PFAS). Environ. Sci. Technol. 2022, 56 (16), 11172−11179.",", 56 (16), 11172−11179"
"Pike, K. A.; Edmiston, P. L.; Morrison, J. J.; Faust, J. A. Correlation Analysis of Perfluoroalkyl Substances in Regional U.S. Precipitation Events. Water Res. 2021, 190, No. 116685.",", 190, No"
"Freeling, F.; Behringer, D.; Heydel, F.; Scheurer, M.; Ternes, T. A.; Nödler, K. Trifluoroacetate in Precipitation: Deriving a Benchmark Data Set. Environ. Sci. Technol. 2020, 54 (18), 11210−11219.",", 54 (18), 11210−11219"
"Scheurer, M.; Nödler, K. Ultrashort-Chain Perfluoroalkyl Substance Trifluoroacetate (TFA) in Beer and Tea − An Unintended Aqueous Extraction. Food Chem. 2021, 351, No. 129304.",", 351, No"
"The European Parliament and the Council of the European Union. Directive (EU) 2020/2184 of the European Parliament and of the Council of 16 December 2020 on the Quality of Water Intended for Human Consumption (Recast) (Text with EEA Relevance); EU, 2020; pp 1−62. https://eur-lex.europa.eu/eli/dir/2020/2184/oj (accessed 2024−05−22).","/2184 of the European Parliament and of the Council of 16 December 2020 on the Quality of Water Intended for Human Consumption (Recast) (Text with EEA Relevance); EU, 2020; pp 1−62"
"GLOBAL 2000; Friends of the Earth Austria; Pesticide Action Network Europe (PAN Europe); Generations Futures. TFA in Water, Dirty PFAS Legacy Under the Radar; 2024; pp 1−23 https://www. pan-europe.info/resources/reports/2024/05/tfa-water-dirty-pfaslegacy-under-radar (accessed 2024−05−31).",Friends of the Earth Austria; Pesticide Action Network Europe (PAN Europe); Generations Futures
"Meier, S.; Brodmann, P.; Weber, S.; Moschet, C.; Gelmi, T.; Lacour, W.; Steinmann, J.. TRINKWASSERQUALITÄ T BEZÜ GLICH DER PFAS-RÜ CKSTÄ NDE, 2024; pp 6 https://www.aquaetgas.ch/ wasser/trinkwasser/20240228_ag3_trinkwasserqualit%C3%A4tbez%C3%BCglich-der-pfas-r%C3%BCckst%C3%A4nde/ (accessed 2024−08−20).",pp 6 https://www.aquaetgas.ch/ wasser/trinkwasser/20240228_ag3_trinkwasserqualit%C3%A4tbez%C3%BCglich-der-pfas-r%C3%BCckst%C3%A4nde/ (accessed 2024−08−20)
"Wang, W.; Rhodes, G.; Ge, J.; Yu, X.; Li, H. Uptake and Accumulation of Per- and Polyfluoroalkyl Substances in Plants. Chemosphere 2020, 261, No. 127584.",", 261, No"
"Ghisi, R.; Vamerali, T.; Manzetti, S. Accumulation of Perfluorinated Alkyl Substances (PFAS) in Agricultural Plants: A Review. Environ. Res. 2019, 169, 326−341.",", 169, 326−341"
"Gredelj, A.; Polesel, F.; Trapp, S. Model-Based Analysis of the Uptake of Perfluoroalkyl Acids (PFAAs) from Soil into Plants. Chemosphere 2020, 244, No. 125534.",", 244, No"
"Lesmeister, L.; Lange, F. T.; Breuer, J.; Biegel-Engler, A.; Giese, E.; Scheurer, M. Extending the Knowledge about PFAS Bioaccumulation Factors for Agricultural Plants − A Review. Sci. Total Environ. 2021, 766, No. 142640.",", 766, No"
"Scott, B. F.; Spencer, C.; Martin, J. W.; Barra, R.; Bootsma, H. A.; Jones, K. C.; Johnston, A. E.; Muir, D. C. G. Comparison of Haloacetic Acids in the Environment of the Northern and Southern Hemispheres. Environ. Sci. Technol. 2005, 39 (22), 8664−8670.",", 39 (22), 8664−8670"
"Lan, Z.; Yao, Y.; Xu, J. Y.; Chen, H.; Ren, C.; Fang, X.; Zhang, K.; Jin, L.; Hua, X.; Alder, A. C.; Wu, F.; Sun, H. Novel and Legacy Per- and Polyfluoroalkyl Substances (PFASs) in a Farmland Perspective Environment: Soil Distribution and Biomonitoring with Plant Leaves and Locusts. Environ. Pollut. 2020, 263, No. 114487.",", 263, No"
"Cahill, T. M.; Thomas, C. M.; Schwarzbach, S. E.; Seiber, J. N. Accumulation of Trifluoroacetate in Seasonal Wetlands in California. Environ. Sci. Technol. 2001, 35 (5), 820−825.",", 35 (5), 820−825"
"EU Reference Laboratories for Residues of Pesticides. EURLSRM-Residue Findings Report, 2017; pp 1−10. https://www.eurlpesticides.eu/userfiles/file/eurlsrm/eurlsrm_residue-observation_tfadfa.pdf (accessed 2023−12−08).",pp 1−10
"van Hees, P.; Karlsson, P.; Bucuricova, L.; Olsman, H.; Yeung, L.. Trifluoroacetic Acid (TFA) and Trifluoromethane Sulphonic Acid (TFMS) in Juice and Fruit/Vegetable Purees, 2024; pp 1−8. https:// cdnmedia.eurofins.com/european-east/media/uxcnaa2c/eurofins_ tfa_tfms_juice_24_final.pdf (accessed 2024−08−27).",pp 1−8
"Duan, Y.; Sun, H.; Yao, Y.; Meng, Y.; Li, Y. Distribution of Novel and Legacy Per-/Polyfluoroalkyl Substances in Serum and Its Associations with Two Glycemic Biomarkers among Chinese Adult Men and Women with Normal Blood Glucose Levels. Environ. Int. 2020, 134, No. 105295.",", 134, No"
"Arnot, J. A.; Gobas, F. A. A Review of Bioconcentration Factor (BCF) and Bioaccumulation Factor (BAF) Assessments for Organic Chemicals in Aquatic Organisms. Environmental Reviews 2006, 14 (4), 257−297.",", 14 (4), 257−297"
"Lucas, K.; Gaines, L. G. T.; Paris-Davila, T.; Nylander-French, L. A. Occupational Exposure and Serum Levels of Per- and Polyfluoroalkyl Substances (PFAS): A Review. American Journal of Industrial Medicine 2023, 66 (5), 379−392.",", 66 (5), 379−392"
"Woodcock, A. The Montreal Protocol: Getting over the Finishing Line? Lancet. 2009, 373 (9665), 705−706.",", 373 (9665), 705−706"
"Zhang, J.; Zhang, Y.; Li, J.; Hu, J.; Ye, P.; Zeng, Z. Monitoring of Trifluoroacetic Acid Concentration in Environmental Waters in China. Water Res. 2005, 39 (7), 1331−1339.",", 39 (7), 1331−1339"
"Zhai, Z.; Wu, J.; Hu, X.; Li, L.; Guo, J.; Zhang, B.; Hu, J.; Zhang, J. A 17-Fold Increase of Trifluoroacetic Acid in Landscape Waters of Beijing, China during the Last Decade. Chemosphere 2015, 129, 110−117.",", 129, 110−117"
"Cahill, T. M. Increases in Trifluoroacetate Concentrations in Surface Waters over Two Decades. Environ. Sci. Technol. 2022, 56 (13), 9428−9434.",", 56 (13), 9428−9434"
"Freeling, F.; Scheurer, M.; Koschorreck, J.; Hoffmann, G.; Ternes, T. A.; Nödler, K. Levels and Temporal Trends of Trifluoroacetate (TFA) in Archived Plants: Evidence for Increasing Emissions of Gaseous TFA Precursors over the Last Decades. Environ. Sci. Technol. Lett. 2022, 9 (5), 400−405.",", 9 (5), 400−405"
"Wang, B.; Yao, Y.; Wang, Y.; Chen, H.; Sun, H. Per- and Polyfluoroalkyl Substances in Outdoor and Indoor Dust from Mainland China: Contributions of Unknown Precursors and Implications for Human Exposure. Environ. Sci. Technol. 2022, 56 (10), 6036−6045.",", 56 (10), 6036−6045"
European Chemicals Agency (ECHA). ECHA Registration Dossier for Trifluoroacetic Acid. https://echa.europa.eu/de/ registration-dossier/-/registered-dossier/5203/7/1 (accessed 2023− 12−15).,− 12−15)
"Scheurer, M.; Nödler, K.; Freeling, F.; Janda, J.; Happel, O.; Riegel, M.; Müller, U.; Storck, F. R.; Fleig, M.; Lange, F. T.; Brunsch, A.; Brauch, H. J. Small, Mobile, Persistent: Trifluoroacetate in the Water Cycle − Overlooked Sources, Pathways, and Consequences for Drinking Water Supply. Water Res. 2017, 126, 460−471.",", 126, 460−471"
"Scott, B. F.; Macdonald, R. W.; Kannan, K.; Fisk, A.; Witter, A.; Yamashita, N.; Durham, L.; Spencer, C.; Muir, D. C. G. Trifluoroacetate Profiles in the Arctic, Atlantic, and Pacific Oceans. Environ. Sci. Technol. 2005, 39 (17), 6555−6560.",", 39 (17), 6555−6560"
"Frank, H.; Christoph, E. H.; Holm-Hansen, O.; Bullister, J. L. Trifluoroacetate in Ocean Waters. Environ. Sci. Technol. 2002, 36 (1), 12−15.",", 36 (1), 12−15"
"Zhang, L.; Sun, H.; Wang, Q.; Chen, H.; Yao, Y.; Zhao, Z.; Alder, A. C. Uptake Mechanisms of Perfluoroalkyl Acids with Different Carbon Chain Lengths (C2-C8) by Wheat (Triticum Acstivnm L.). Sci. Total Environ. 2019, 654, 19−27. 19932 https://doi.org/",", 654, 19−27"
"Costello, M. C. S.; Lee, L. S. Sources, Fate, and Plant Uptake in Agricultural Systems of Per- and Polyfluoroalkyl Substances. Curr. Pollut Rep 2024, 10, 799−819.",", 10, 799−819"
"Munoz, G.; Mercier, L.; Duy, S. V.; Liu, J.; Sauvé, S.; Houde, M. Bioaccumulation and Trophic Magnification of Emerging and Legacy Per- and Polyfluoroalkyl Substances (PFAS) in a St. Lawrence River Food Web. Environ. Pollut. 2022, 309, No. 119739.",", 309, No"
"Haukås, M.; Berger, U.; Hop, H.; Gulliksen, B.; Gabrielsen, G. W. Bioaccumulation of Per- and Polyfluorinated Alkyl Substances (PFAS) in Selected Species from the Barents Sea Food Web. Environ. Pollut. 2007, 148 (1), 360−371.",", 148 (1), 360−371"
"Drew, R.; Hagen, T. G.; Champness, D. Accumulation of PFAS by Livestock − Determination of Transfer Factors from Water to Serum for Cattle and Sheep in Australia. Food Additives & Contaminants: Part A 2021, 38 (11), 1897−1913.",", 38 (11), 1897−1913"
"Mikkonen, A. T.; Martin, J.; Upton, R. N.; Moenning, J.-L.; Numata, J.; Taylor, M. P.; Roberts, M. S.; Mackenzie, L. Dynamic Exposure and Body Burden Models for Per- and Polyfluoroalkyl Substances (PFAS) Enable Management of Food Safety Risks in Cattle. Environ. Int. 2023, 180, No. 108218.",", 180, No"
"Salierno, G. On the Chemical Pathways Influencing the Effective Global Warming Potential of Commercial Hydrofluoroolefin Gases. ChemSusChem 2024, 1−20.",", 1−20"
"Russell, M. H.; Hoogeweg, G.; Webster, E. M.; Ellis, D. A.; Waterland, R. L.; Hoke, R. A. TFA from HFO-1234yf: Accumulation and Aquatic Risk in Terminal Water Bodies. Environ. Toxicol. Chem. 2012, 31 (9), 1957−1965.",", 31 (9), 1957−1965"
"Arp, H. P. H.; Hale, S. E.; Borchers, U.; Valkov, V.; Wiegand, L.; Zahn, D.; Neuwald, I.; Nödler, K.; Scheurer, M. A Prioritization Framework for PMT/VPvM Substances under REACH for Registrants, Regulators, Researchers and the Water Sector, UBA TEXTE 22/2023. Neumann, M., Schliebner, I. Eds.; German Environment Agency (UBA): Dessau-Roßlau, Germany, pp 1−238. https://www. umweltbundesamt.de/publikationen/a-prioritization-framework-forpmtvpvm-substances (accessed 2024−06−03).","Eds.; German Environment Agency (UBA): Dessau-Roßlau, Germany, pp 1−238"
"Hale, S. E.; Neumann, M.; Schliebner, I.; Schulze, J.; Averbeck, F. S.; Castell-Exner, C.; Collard, M.; Drmač, D.; Hartmann, J.; Hofman-Caris, R.; Hollender, J.; de Jonge, M.; Kullick, T.; Lennquist, A.; Letzel, T.; Nödler, K.; Pawlowski, S.; Reineke, N.; Rorije, E.; Scheurer, M.; Sigmund, G.; Timmer, H.; Trier, X.; Verbruggen, E.; Arp, H. P. H. Getting in Control of Persistent, Mobile and Toxic (PMT) and Very Persistent and Very Mobile (VPvM) Substances to Protect Water Resources: Strategies from Diverse Perspectives. Environ. Sci. Eur. 2022, 34 (1), 22.",", 34 (1), 22"
"Zhou, J.; Saeidi, N.; Wick, L. Y.; Xie, Y.; Kopinke, F. D.; Georgi, A. Efficient Removal of Trifluoroacetic Acid from Water Using Surface-Modified Activated Carbon and Electro-Assisted Desorption. J. Hazard Mater. 2022, 436, No. 129051.",", 436, No"
"Zhang, Z.; Wu, Y.; Luo, L.; Li, G.; Li, Y.; Hu, H. Application of Disk Tube Reverse Osmosis in Wastewater Treatment: A Review. Science of The Total Environment 2021, 792, No. 148291.",", 792, No"
"Bartholomew, T. V.; Siefert, N. S.; Mauter, M. S. Cost Optimization of Osmotically Assisted Reverse Osmosis. Environ. Sci. Technol. 2018, 52 (20), 11813−11821.",", 52 (20), 11813−11821"
"Kim, J.; Park, K.; Yang, D. R.; Hong, S. A Comprehensive Review of Energy Consumption of Seawater Reverse Osmosis Desalination Plants. Appl. Energy 2019, 254, No. 113652.",", 254, No"
"Elimelech, M.; Phillip, W. A. The Future of Seawater Desalination: Energy, Technology, and the Environment. Science",
"2011, 333 (6043), 712−717.",", 333 (6043), 712−717"
European Parliament and the Council. Directive 2000/60/EC of the European Parliament and of the Council of 23 October 2000 Establishing a Framework for Community Action in the Field of Water Policy; 2000; pp 1−73. https://eur-lex.europa.eu/eli/dir/2000/60/oj (accessed 2024−08−20). Perspective,/60/EC of the European Parliament and of the Council of 23 October 2000 Establishing a Framework for Community Action in the Field of Water Policy; 2000; pp 1−73
"Austin, C.; Purohit, A. L.; Thomsen, C.; Pinkard, B. R.; Strathmann, T. J.; Novosselov, I. V. Hydrothermal Destruction and Defluorination of Trifluoroacetic Acid (TFA). Environ. Sci. Technol. 2024, 58 (18), 8076−8085.",", 58 (18), 8076−8085"
ATMOsphere. The Rising Threat of HFOs and TFA to Health and the Environment.; 2022. https://issuu.com/shecco/docs/2022_ atmo_hfo_tfa_report (accessed 2023−12−06).,https://issuu.com/shecco/docs/2022_ atmo_hfo_tfa_report (accessed 2023−12−06)
"Molina, M. J.; Rowland, F. S. Stratospheric Sink for Chlorofluoromethanes: Chlorine Atom-Catalysed Destruction of Ozone. Nature 1974, 249 (5460), 810−812.",", 249 (5460), 810−812"
"Farman, J. C.; Gardiner, B. G.; Shanklin, J. D. Large Losses of Total Ozone in Antarctica Reveal Seasonal ClOx/NOx Interaction. Nature 1985, 315 (6016), 207−210.",", 315 (6016), 207−210"
"Allen, M. Planetary Boundaries: Tangible Targets Are Critical. Nat. Clim Chang 2009, 1 (910), 114−115.",", 1 (910), 114−115"
"Ozone Secretariat. Handbook for the Montreal Protocol on Substances That Deplete the Ozone Layer, 14th ed.; 2020; pp 1−960. https://ozone.unep.org/sites/default/files/Handbooks/MPHandbook-2020-English.pdf (accessed 2024−10−13).",pp 1−960
"Falkner, R. The Business of Ozone Layer Protection: Corporate Power in Regime Evolution. In The Business of Global Environmental Governance. Global environmental accord: strategies for sustainability and institutional innovation; Levy, D. L., Newell, P. J., Eds.; MIT Press: Cambridge, MA, 2005; pp 105−134.",pp 105−134
"Regulation (EU) No 517/2014 of the European Parliament and of the Council of 16 April 2014 on Fluorinated Greenhouse Gases and Repealing Regulation (EC) No 842/2006; European Parliament, Council of the European Union, 2014; pp 195−230. https://eurlex.europa.eu/legal-content/en/ALL/?uri=CELEX:32014R0517 (accessed 2023−12−06).","of the European Parliament and of the Council of 16 April 2014 on Fluorinated Greenhouse Gases and Repealing Regulation (EC) No 842/2006; European Parliament, Council of the European Union, 2014; pp 195−230"
"Behringer, D.; Heydel, F.; Gschrey, B.; Osterheld, S.; Schwarz, W.; Warncke, K.; Freeling, F.; Nödler, K.; Wasser, T.; Henne, S.; Reimann Empa, S.; Blepp, M.; Jörß, W.; Liu, R.; Ludig, S.; Rüdenauer, I.; Gartiser, S. Persistent Degradation Products of Halogenated Refrigerants and Blowing Agents in the Environment: Type, Environmental Concentrations, and Fate with Particular Regard to New Halogenated Substitutes with Low Global Warming Potential; UBA TEXTE 73/2021, 2021; pp 1−259. https://www.umweltbundesamt. de/sites/default/files/medien/5750/publikationen/2021-05-06_ texte_73-2021_persistent_degradation_products.pdf (accessed 2023−12−06).",de/sites/default/files/medien/5750/publikationen/2021-05-06_ texte_73-2021_persistent_degradation_products.pdf (accessed 2023−12−06)
"Holland, R.; Khan, M. A. H.; Driscoll, I.; Chhantyal-Pun, R.; Derwent, R. G.; Taatjes, C. A.; Orr-Ewing, A. J.; Percival, C. J.; Shallcross, D. E. Investigation of the Production of Trifluoroacetic Acid from Two Halocarbons, HFC-134a and HFO-1234yf and Its Fates Using a Global Three-Dimensional Chemical Transport Model. ACS Earth Space Chem. 2021, 5 (4), 849−857.",", 5 (4), 849−857"
"Xie, G.; Cui, J.; Zhai, Z.; Zhang, J. Distribution Characteristics of Trifluoroacetic Acid in the Environments Surrounding Fluorochemical Production Plants in Jinan, China. Environmental Science and Pollution Research 2020, 27 (1), 983−991.",", 27 (1), 983−991"
"Horel, S.. Record Levels of “forever Chemicals” Found in One French Village’s Water. Le Monde. Paris February 7, 2024. https:// www.lemonde.fr/en/les-decodeurs/article/2024/02/07/recordlevels-of-forever-chemicals-found-in-one-french-village-s-watersupply_6502237_8.html (accessed 2024−05−31).",https:// www.lemonde.fr/en/les-decodeurs/article/2024/02/07/recordlevels-of-forever-chemicals-found-in-one-french-village-s-watersupply_6502237_8.html (accessed 2024−05−31)
"Générations Futures. PFAS Contamination Des Eaux Par Des “Polluants É ternels” à Salindres, 2024. https://www.generationsfutures.fr/wp-content/uploads/2024/02/rapport-salindres-pfas.pdf (accessed 2024−08−27).",https://www.generationsfutures.fr/wp-content/uploads/2024/02/rapport-salindres-pfas.pdf (accessed 2024−08−27)
"Ellis, D. A.; Mabury, S. A. The Aqueous Photolysis of TFM and Related Trifluoromethylphenols. An Alternate Source of Trifluoroacetic Acid in the Environment. Environ. Sci. Technol. 2000, 34 (4), 632−637.",", 34 (4), 632−637"
"EFSA. Peer Review of the Pesticide Risk Assessment of the Active Substance Flurtamone. EFSA Journal 2016, 14 (6), e04498 DOI: 10.2903/j.efsa.2016.4498.",", 14 (6), e04498 DOI: 10.2903/j.efsa.2016.4498"
"EFSA. Reasoned Opinion on the Setting of MRLs for Saflufenacil in Various Crops, Considering the Risk Related to the 19933 https://doi.org/",
"Joudan, S.; Gauthier, J.; Mabury, S. A.; Young, C. J. Aqueous Leaching of Ultrashort-Chain PFAS from (Fluoro)Polymers: Targeted and Nontargeted Analysis. Environ. Sci. Technol. Lett. 2024, 11 (3), 237−242.",", 11 (3), 237−242"
"Cui, J.; Guo, J.; Zhai, Z.; Zhang, J. The Contribution of Fluoropolymer Thermolysis to Trifluoroacetic Acid (TFA) in Environmental Media. Chemosphere 2019, 222, 637−644.",", 222, 637−644"
"Martin, J. W.; Franklin, J.; Hanson, M. L.; Solomon, K. R.; Mabury, S. A.; Ellis, D. A.; Scott, B. F.; Muir, D. C. G. Detection of Chlorodifluoroacetic Acid in Precipitation: A Possible Product of Fluorocarbon Degradation. Environ. Sci. Technol. 2000, 34 (2), 274− 281.",", 34 (2), 274− 281"
"Sun, M.; Cui, J.; Guo, J.; Zhai, Z.; Zuo, P.; Zhang, J. Fluorochemicals Biodegradation as a Potential Source of Trifluoroacetic Acid (TFA) to the Environment. Chemosphere 2020, 254, No. 126894.",", 254, No"
"Björnsdotter, M. K.; Yeung, L. W. Y.; Kärrman, A.; Jogsten, I. E. Ultra-Short-Chain Perfluoroalkyl Acids Including Trifluoromethane Sulfonic Acid in Water Connected to Known and Suspected Point Sources in Sweden. Environ. Sci. Technol. 2019, 53 (19), 11093− 11101.",", 53 (19), 11093− 11101"
"Wang, B.; Yao, Y.; Chen, H.; Chang, S.; Tian, Y.; Sun, H. Perand Polyfluoroalkyl Substances and the Contribution of Unknown Precursors and Short-Chain (C2−C3) Perfluoroalkyl Carboxylic Acids at Solid Waste Disposal Facilities. Sci. Total Environ. 2020, 705, No. 135832.",", 705, No"
"Tsou, K.; Antell, E.; Duan, Y.; Olivares, C. I.; Yi, S.; AlvarezCohen, L.; Sedlak, D. L. Improved Total Oxidizable Precursor Assay for Quantifying Polyfluorinated Compounds Amenable to Oxidative Conversion to Perfluoroalkyl Carboxylic Acids. ACS ES&T Water 2023, 3 (9), 2996−3003.",", 3 (9), 2996−3003"
"Adlunger, K.; Anke, J. M.; Bachem, G.; Banning, H.; BiegelEngler, A.; Blondzik, K.; Braun, U.; Eckhardt, A.; Gildemeister, D.; Hilliges, F.; Hoffmann, G.; Jentzsch, F.; Klitzke, S.; Kuckelkorn, J.; Martens, K.; Müller, A.; Pickl, C.; Pirntke, U.; Rechenberg, J.; Sättler, D.; Schmidt, U.; Speichert, G.; Warnke, I.; Wehner, J.; Wischer, R. Reducing the Input of Chemicals into Waters: Trifluoroacetate (TFA) as a Persistent and Mobile Substance with Many Sources; Dessau-Roßlau, Germany, 2022; pp 1−52. https://www.umweltbundesamt.de/en/ publikationen/reducing-the-input-of-chemicals-into-waters (accessed 2024−06−03).",pp 1−52
"Joudan, S.; De Silva, A. O.; Young, C. J. Insufficient Evidence for the Existence of Natural Trifluoroacetic Acid. Environ. Sci. Process Impacts 2021, 23 (11), 1641−1649.",", 23 (11), 1641−1649"
"Ellis, D. A.; Mabury, S. A.; Martin, J. W.; Muir, D. C. G. Thermolysis of Fluoropolymers as a Potential Source of Halogenated Organic Acids in the Environment. Nature 2001, 412 (6844), 321− 324.",", 412 (6844), 321− 324"
"Duchesne, A. L.; Brown, J. K.; Patch, D. J.; Major, D.; Weber, K. P.; Gerhard, J. I. Remediation of PFAS-Contaminated Soil and Granular Activated Carbon by Smoldering Combustion. Environ. Sci. Technol. 2020, 54 (19), 12631−12640.",", 54 (19), 12631−12640"
"Trang, B.; Li, Y.; Xue, X.-S.; Ateia, M.; Houk, K. N.; Dichtel, W. R. Low-Temperature Mineralization of Perfluorocarboxylic Acids. Science (1979) 2022, 377 (6608), 839−845.",") 2022, 377 (6608), 839−845"
"Nödler, K.; Scheurer, M. Substances from Multiple Sources (SMS): The Presence of Multiple Primary and Secondary Sources of Persistent and Mobile Organic Contaminants Is an Upcoming Challenge for the Drinking Water Sector and Regulatory Frameworks. Environ. Sci. Technol. 2019, 53 (19), 11061−11062.",", 53 (19), 11061−11062"
ECHA. Registry of CLH intentions until outcome - Trifluoroacetic acid. https://echa.europa.eu/de/registry-of-clh-intentions-untiloutcome/-/dislist/details/0b0236e188e6e587 (accessed 2024−05− 15).,−05− 15)
ECHA. Registry of CLH intentions until outcome - sodium trifluoroacetate and other inorganic salts of trifluoroacetic acid. https:// Perspective echa.europa.eu/registry-of-clh-intentions-until-outcome/-/dislist/ details/0b0236e188e8d4b8 (accessed 2024−08−12).,−08−12)
Umweltbundesamt (UBA). Ableitung Eines Gesundheitlichen Leitwertes Für Trifluoressigsäure (TFA); 2020; pp 1−6. https://www. umweltbundesamt.de/sites/default/files/medien/421/dokumente/ ableitung_eines_gesundheitlichen_leitwertes_fuer_ trifluoressigsaeure_fuer_uba-homepage.pdf (accessed 2023−12−20).,umweltbundesamt.de/sites/default/files/medien/421/dokumente/ ableitung_eines_gesundheitlichen_leitwertes_fuer_ trifluoressigsaeure_fuer_uba-homepage.pdf (accessed 2023−12−20)
RIVM. RIVM-VSP Advies 14434A02 − Drinkwaterrichtwaarde Voor Trifluorazijnzuur; 2023; pp 1−47. https://www.rivm.nl/ documenten/bijlage-bij-rivm-brief-aan-ilt-indicatievedrinkwaterrichtwaarde-trifluorazijnzuur-tfa (accessed 2024−08−30).,pp 1−47
CLP. Harmonised classification - Annex VI of Regulation (EC) No 1272/2008 (CLP Regulation) - Trifluoroacetic acid. https://echa. europa.eu/de/information-on-chemicals/cl-inventory-database/-/ discli/details/47316 (accessed 2023−12−19).,europa.eu/de/information-on-chemicals/cl-inventory-database/-/ discli/details/47316 (accessed 2023−12−19)
U.S. EPA. USEPA ECOTOX database. https://cfpub.epa.gov/ ecotox/ (accessed 2023−12−15).,−12−15)
"European Chemicals Bureau. Technical Guidance Document on Risk Assessment, Part II; Ispra, Italy, 2023; pp 1−337. https://echa. europa.eu/documents/10162/987906/tgdpart2_2ed_en.pdf/ 138b7b71-a069-428e-9036-62f4300b752f (accessed 2024−05−14).",europa.eu/documents/10162/987906/tgdpart2_2ed_en.pdf/ 138b7b71-a069-428e-9036-62f4300b752f (accessed 2024−05−14)
"Hanson, M. L.; Madronich, S.; Solomon, K.; Sulbaek Andersen, M. P.; Wallington, T. J. Trifluoroacetic Acid in the Environment: Consensus, Gaps, and Next Steps. Environ. Toxicol. Chem. 2024, 43 (10), 2091−2093.",", 43 (10), 2091−2093"
"Madronich, S.; Sulzberger, B.; Longstreth, J. D.; Schikowski, T.; Andersen, M. P. S.; Solomon, K. R.; Wilson, S. R. Changes in Tropospheric Air Quality Related to the Protection of Stratospheric Ozone in a Changing Climate. Photochemical & Photobiological Sciences 2023, 22 (5), 1129−1176.",", 22 (5), 1129−1176"
"Felizeter, S.; McLachlan, M. S.; De Voogt, P. Root Uptake and Translocation of Perfluorinated Alkyl Acids by Three Hydroponically Grown Crops. J. Agric. Food Chem. 2014, 62 (15), 3334−3342.",", 62 (15), 3334−3342"
"Felizeter, S.; McLachlan, M. S.; De Voogt, P. Uptake of Perfluorinated Alkyl Acids by Hydroponically Grown Lettuce (Lactuca Sativa). Environ. Sci. Technol. 2012, 46 (21), 11735−11743.",", 46 (21), 11735−11743"
"Gredelj, A.; Nicoletto, C.; Polesello, S.; Ferrario, C.; Valsecchi, S.; Lava, R.; Barausse, A.; Zanon, F.; Palmeri, L.; Guidolin, L.; Bonato, M. Uptake and Translocation of Perfluoroalkyl Acids (PFAAs) in Hydroponically Grown Red Chicory (Cichorium Intybus L.): Growth and Developmental Toxicity, Comparison with Growth in Soil and Bioavailability Implications. Science of The Total Environment 2020, 720, No. 137333.",", 720, No"
"Hubert, M.; Arp, H. P. H.; Hansen, M. C.; Castro, G.; Meyn, T.; Asimakopoulos, A. G.; Hale, S. E. Influence of Grain Size, Organic Carbon and Organic Matter Residue Content on the Sorption of perand Polyfluoroalkyl Substances in Aqueous Film Forming Foam Contaminated Soils - Implications for Remediation Using Soil Washing. Science of The Total Environment 2023, 875, No. 162668.",", 875, No"
"Nguyen, T. M. H.; Bräunig, J.; Thompson, K.; Thompson, J.; Kabiri, S.; Navarro, D. A.; Kookana, R. S.; Grimison, C.; Barnes, C. M.; Higgins, C. P.; Mclaughlin, M. J.; Mueller, J. F. Influences of Chemical Properties, Soil Properties, and Solution PH on Soil-Water Partitioning Coefficients of Per- And Polyfluoroalkyl Substances (PFASs). Environ. Sci. Technol. 2020, 54 (24), 15883−15892.",", 54 (24), 15883−15892"
"McLachlan, M. S.; Felizeter, S.; Klein, M.; Kotthoff, M.; De Voogt, P. Fate of a Perfluoroalkyl Acid Mixture in an Agricultural Soil Studied in Lysimeters. Chemosphere 2019, 223, 180−187.",", 223, 180−187"
"Gredelj, A.; Nicoletto, C.; Valsecchi, S.; Ferrario, C.; Polesello, S.; Lava, R.; Zanon, F.; Barausse, A.; Palmeri, L.; Guidolin, L.; Bonato, M. Uptake and Translocation of Perfluoroalkyl Acids (PFAA) in Red Chicory (Cichorium Intybus L.) under Various Treatments with PreContaminated Soil and Irrigation Water. Science of The Total Environment 2020, 708, No. 134766.",", 708, No"
"Xu, B.; Alizray, R.; Lammel, D. R.; Riedel, S.; Rillig, M. C. Concentration-Dependent Response of Soil Parameters and Functions to Trifluoroacetic Acid. Eur. J. Soil Sci. 2022, 73 (4), No. e13266. 19934 https://doi.org/",", 73 (4), No"
"Bott, T. L.; Standley, L. J. Incorporation of Trifluoroacetate, a Hydrofluorocarbon Decomposition Byproduct, by Freshwater Benthic Microbial Communities. Water Res. 1999, 33 (6), 1538− 1544.",", 33 (6), 1538− 1544"
"Lu, Y.; Liu, L.; Ning, A.; Yang, G.; Liu, Y.; Kurtén, T.; Vehkamäki, H.; Zhang, X.; Wang, L. Atmospheric Sulfuric AcidDimethylamine Nucleation Enhanced by Trifluoroacetic Acid. Geophys. Res. Lett. 2020, 47 (2), No. e2019GL085627.",", 47 (2), No"
"Liu, L.; Yu, F.; Tu, K.; Yang, Z.; Zhang, X. Influence of Atmospheric Conditions on the Role of Trifluoroacetic Acid in Atmospheric Sulfuric Acid-Dimethylamine Nucleation. Atmos Chem. Phys. 2021, 21 (8), 6221−6230.",", 21 (8), 6221−6230"
"Rockström, J.; Steffen, W.; Noone, K.; Persson, Å.; Chapin, F. S.; Lambin, E. F.; Lenton, T. M.; Scheffer, M.; Folke, C.; Schellnhuber, H. J.; Nykvist, B.; de Wit, C. A.; Hughes, T.; van der Leeuw, S.; Rodhe, H.; Sörlin, S.; Snyder, P. K.; Costanza, R.; Svedin, U.; Falkenmark, M.; Karlberg, L.; Corell, R. W.; Fabry, V. J.; Hansen, J.; Walker, B.; Liverman, D.; Richardson, K.; Crutzen, P.; Foley, J. A. A Safe Operating Space for Humanity. Nature 2009, 461 (7263), 472−475.",", 461 (7263), 472−475"
"Steffen, W.; Richardson, K.; Rockström, J.; Cornell, S. E.; Fetzer, I.; Bennett, E. M.; Biggs, R.; Carpenter, S. R.; De Vries, W.; De Wit, C. A.; Folke, C.; Gerten, D.; Heinke, J.; Mace, G. M.; Persson, L. M.; Ramanathan, V.; Reyers, B.; Sörlin, S. Planetary Boundaries: Guiding Human Development on a Changing Planet. Science (1979) 2015, 347 (6223), No. 1259855.",") 2015, 347 (6223), No"
"Caldeira, C.; Farcal, R.; Garmendia Aguirre, I.; Mancini, L.; Tosches, D.; Amelio, A.; Rasmussen, K.; Rauscher, H.; Riego Sintes, J.; Sala, S. Safe and Sustainable by Design Chemicals and Materials Framework for the Definition of Criteria and Evaluation Procedure for Chemicals and Materials; Publications Office of the European Union, 2022; pp 1−124. DOI: 10.2760/487955.",pp 1−124
"Roy, M. A.; Cousins, I.; Harriman, E.; Scheringer, M.; Tickner, J. A.; Wang, Z. Combined Application of the Essential-Use and Functional Substitution Concepts: Accelerating Safer Alternatives. Environ. Sci. Technol. 2022, 56 (14), 9842−9846.",", 56 (14), 9842−9846"
"Chirsir, P.; Palm, E. H.; Baskaran, S.; Schymanski, E. L.; Wang, Z.; Wolf, R.; Hale, S. E.; Arp, H. P. H. Grouping Strategies for Assessing and Managing Persistent and Mobile Substances. Environ. Sci. Eur. 2024, 36 (1), 102. 19935 https://doi.org/",", 36 (1), 102"
EU Reference Laboratories for Residues of Pesticides. EURL-SRM-Residue Findings Report; 2017. https://www.eurl-pesticides.eu/userfiles/file/eurlsrm/eurlsrm_residueobservation_tfa-dfa.pdf (accessed 2023-12-08).,https://www.eurl-pesticides.eu/userfiles/file/eurlsrm/eurlsrm_residueobservation_tfa-dfa.pdf (accessed 2023-12-08)
"Zhang, B.; Zhai, Z.; Zhang, J. Distribution of Trifluoroacetic Acid in Gas and Particulate Phases in Beijing from 2013 to 2016. Science of the Total Environment 2018, 634, 471– 477. https://doi.org/10.1016/j.scitotenv.2018.03.384.","Science of the Total Environment 2018, 634, 471– 477"
"Fang, X.; Wang, Q.; Zhao, Z.; Tang, J.; Tian, C.; Yao, Y.; Yu, J.; Sun, H. Distribution and Dry Deposition of Alternative and Legacy Perfluoroalkyl and Polyfluoroalkyl Substances in the Air above the Bohai and Yellow Seas, China. Atmos Environ 2018, 192, 128–135. https://doi.org/10.1016/j.atmosenv.2018.08.052. S7",", 192, 128–135"
